esd,record_time,soc,pack_voltage (V),charge_current (A),max_cell_voltage (V),min_cell_voltage (V),max_temperature (¡æ),min_temperature (¡æ),available_energy (kw),available_capacity (Ah)
1366563,2014/11/18 15:40,15.2,323.5,-22.5,3.603,3.584,32,31,6.96,20.94
3075723,2014/11/19 17:40,15.6,323.6,-22.5,3.604,3.585,32,31,6.98,20.99
4228788,2014/11/21 12:05,15.6,323.6,-22.5,3.605,3.585,32,31,7,21.04
3173284,2014/12/3 19:16,15.6,323.8,-22.5,3.606,3.586,32,31,7.01,21.09
3266500,2014/12/11 20:56,15.6,323.8,-22.5,3.606,3.587,32,31,7.03,21.14
4099366,2014/12/12 14:38,15.6,323.8,-22.5,3.607,3.588,32,31,7.05,21.18
5084244,2014/12/12 15:08,15.6,323.9,-22.5,3.608,3.588,32,31,7.06,21.23
2948436,2014/12/17 20:30,15.6,323.9,-22.5,3.608,3.588,32,31,7.07,21.28
3515913,2014/12/18 17:53,15.6,323.9,-22.5,3.608,3.589,32,31,7.1,21.33
8490014,2014/12/18 18:06,15.6,323.9,-22.5,3.609,3.59,32,31,7.11,21.39
7075912,2014/12/18 18:31,15.6,324.1,-22.5,3.609,3.59,32,31,7.13,21.45
5226095,2014/12/19 14:30,15.6,324.1,-22.5,3.61,3.59,32,31,7.15,21.5
9342496,2015/1/7 17:52,16,324.1,-22.5,3.61,3.591,32,31,7.17,21.55
1853945,2015/1/9 13:59,16,324.1,-22.5,3.61,3.591,32,31,7.18,21.6
2113485,2015/1/12 17:39,16,324.2,-22.5,3.611,3.592,33,31,7.2,21.65
7492587,2015/1/16 17:23,16,324.2,-22.5,3.611,3.591,33,31,7.22,21.7
1111437,2015/1/16 19:04,16,324.2,-22.5,3.611,3.592,33,31,7.23,21.75
4716378,2015/1/21 18:01,16,324.2,-22.5,3.612,3.592,33,31,7.25,21.8
4187340,2015/1/29 16:34,16,324.2,-22.5,3.612,3.593,33,31,7.27,21.85
7934936,2015/1/30 18:47,16,324.2,-22.5,3.612,3.594,33,31,7.28,21.9
7073357,2015/1/30 19:50,16,324.4,-22.5,3.613,3.594,33,31,7.3,21.95
3002716,2015/2/3 18:59,16,324.4,-22.5,3.612,3.594,33,31,7.32,22.02
2995135,2015/2/12 16:17,16.4,324.4,-22.5,3.613,3.594,33,31,7.34,22.07
5011218,2015/2/16 13:42,16.4,324.4,-22.5,3.613,3.595,33,31,7.36,22.12
8554662,2015/2/16 18:36,16.4,324.4,-22.5,3.615,3.595,33,31,7.37,22.17
8052184,2015/2/19 15:43,16.4,324.4,-22.5,3.614,3.596,33,31,7.39,22.22
6178541,2015/2/19 18:09,16.4,324.6,-22.5,3.614,3.596,33,31,7.41,22.27
8499802,2015/2/24 18:22,16.4,324.6,-22.5,3.615,3.596,33,31,7.42,22.32
8259939,2015/2/26 18:01,16.4,324.6,-22.5,3.615,3.596,33,31,7.43,22.37
2032051,2015/2/28 20:51,16.4,324.6,-22.5,3.615,3.597,33,31,7.46,22.42
7357133,2015/3/3 16:35,16.4,324.6,-22.5,3.616,3.597,33,31,7.47,22.47
6032746,2015/3/4 19:21,16.4,324.7,-22.5,3.616,3.596,33,31,7.48,22.51
4072758,2015/3/4 19:46,16.4,324.7,-22.5,3.617,3.597,33,31,7.51,22.56
6830717,2015/3/5 14:32,16.8,324.7,-22.5,3.617,3.598,33,31,7.52,22.61
6455251,2015/3/5 19:49,16.8,324.7,-22.5,3.617,3.598,33,31,7.54,22.69
5376208,2015/3/6 18:11,16.8,324.7,-22.5,3.617,3.599,33,31,7.56,22.74
2914893,2015/3/9 17:43,16.8,324.7,-22.5,3.617,3.599,33,31,7.58,22.78
5224755,2015/3/12 17:39,16.8,324.9,-22.5,3.618,3.599,33,31,7.59,22.83
8450261,2015/3/13 12:16,16.8,324.9,-22.5,3.618,3.599,33,31,7.61,22.87
9731366,2015/3/16 17:37,16.8,324.9,-22.5,3.618,3.6,33,31,7.63,22.93
9473434,2015/3/18 18:30,16.8,324.9,-22.5,3.618,3.6,33,31,7.64,22.98
2817985,2015/3/19 11:19,16.8,324.9,-22.5,3.619,3.6,33,31,7.66,23.03
5820347,2015/3/19 17:40,16.8,324.9,-22.5,3.619,3.601,33,31,7.68,23.08
5338238,2015/3/20 12:20,16.8,324.9,-22.5,3.62,3.601,33,31,7.69,23.13
3192864,2015/3/23 17:14,17.2,325,-22.5,3.62,3.602,33,31,7.71,23.18
9813434,2015/3/26 11:02,17.2,325,-22.5,3.621,3.602,33,31,7.72,23.23
6362922,2015/3/26 13:51,17.2,325,-22.5,3.621,3.603,33,31,7.75,23.3
3910417,2015/3/26 17:08,17.2,325,-22.5,3.621,3.603,33,31,7.76,23.35
9537925,2015/3/27 12:48,17.2,325,-22.5,3.621,3.603,33,31,7.78,23.4
5688787,2015/3/27 16:47,17.2,325.2,-22.5,3.621,3.604,33,31,7.79,23.45
2189714,2015/3/30 14:59,17.2,325.2,-22.5,3.621,3.603,33,31,7.82,23.5
9009117,2015/3/30 16:27,17.2,325.2,-22.5,3.622,3.604,33,31,7.83,23.55
6241251,2015/3/31 16:42,17.2,325.2,-22.5,3.622,3.604,33,31,7.84,23.6
4027242,2015/4/1 17:02,17.2,325.2,-22.5,3.622,3.604,33,31,7.87,23.65
1534730,2015/4/2 17:02,17.6,325.2,-22.5,3.623,3.605,33,31,7.88,23.7
4970729,2015/4/6 17:03,17.6,325.3,-22.5,3.624,3.605,33,31,7.89,23.75
5850084,2015/4/7 12:06,17.6,325.3,-22.5,3.623,3.605,33,31,7.92,23.8
5503753,2015/4/7 17:30,17.6,325.3,-22.5,3.624,3.605,33,31,7.93,23.84
8356365,2015/4/8 12:30,17.6,325.3,-22.5,3.624,3.606,33,31,7.95,23.92
7116934,2015/4/9 11:14,17.6,325.3,-22.5,3.624,3.607,33,31,7.97,23.97
4303750,2015/4/9 17:00,17.6,325.3,-22.5,3.625,3.606,33,31,7.99,24.02
7027707,2015/4/15 15:35,17.6,325.5,-22.5,3.625,3.607,33,31,8,24.07
4268564,2015/4/20 17:29,17.6,325.3,-22.5,3.625,3.607,33,31,8.01,24.09
7120657,2015/4/21 16:04,17.6,325.5,-22.5,3.625,3.607,33,31,8.03,24.15
7620374,2015/4/22 11:36,17.6,325.5,-22.5,3.625,3.607,33,31,8.05,24.21
8539198,2015/4/22 16:24,18,325.5,-22.5,3.626,3.608,33,31,8.07,24.26
9402479,2015/4/27 16:22,18,325.5,-22.5,3.626,3.608,33,31,8.08,24.31
4904971,2015/4/28 17:04,18,325.5,-22.5,3.627,3.608,33,31,8.099999,24.36
9371693,2015/4/30 18:23,18,325.7,-22.5,3.627,3.608,33,31,8.12,24.41
9600945,2015/5/4 16:02,18,325.7,-22.5,3.627,3.608,33,31,8.13,24.46
4047449,2015/5/5 14:24,18,325.7,-22.5,3.627,3.609,33,31,8.15,24.51
8906717,2015/5/6 17:43,18,325.7,-22.5,3.628,3.61,33,31,8.17,24.56
2151745,2015/5/7 17:19,18,325.8,-22.5,3.627,3.609,33,31,8.19,24.63
3904382,2015/5/8 15:46,18,325.7,-22.5,3.628,3.61,33,31,8.2,24.68
6412124,2015/5/11 17:17,18,325.8,-22.5,3.628,3.609,33,31,8.22,24.71
9579135,2015/5/12 16:12,18,325.8,-22.5,3.628,3.61,33,31,8.23,24.76
3526792,2015/5/13 15:43,18.4,325.8,-22.5,3.629,3.61,33,31,8.25,24.81
2103254,2015/5/14 17:13,18.4,325.8,-22.5,3.629,3.61,33,31,8.28,24.88
8767465,2015/5/15 15:38,18.4,325.8,-22.5,3.628,3.61,33,31,8.29,24.93
4927630,2015/5/18 16:50,18.4,325.8,-22.5,3.629,3.61,33,31,8.3,24.98
3661095,2015/5/20 16:53,18.4,325.8,-22.5,3.629,3.611,33,31,8.33,25.03
8681532,2015/5/21 17:04,18.4,325.8,-22.5,3.63,3.611,33,31,8.34,25.08
2847811,2015/5/22 17:37,18.4,326,-22.5,3.63,3.613,33,31,8.349999,25.13
1779780,2015/5/26 16:45,18.4,326,-22.5,3.63,3.612,33,31,8.37,25.17
9038095,2015/5/27 16:59,18.4,326,-22.5,3.631,3.613,33,31,8.389999,25.22
6839807,2015/5/28 11:38,18.4,326,-22.5,3.631,3.613,33,31,8.4,25.27
7513206,2015/5/28 17:07,18.8,326,-22.5,3.63,3.613,33,31,8.42,25.32
9651531,2015/5/29 12:31,18.8,326,-22.5,3.631,3.613,33,31,8.44,25.37
9066880,2015/6/1 16:50,18.8,326.1,-22.5,3.632,3.614,33,31,8.46,25.44
4023183,2015/6/2 17:31,18.8,326.1,-22.5,3.632,3.613,33,31,8.48,25.49
1667896,2015/6/3 15:53,18.8,326.1,-22.5,3.631,3.614,33,31,8.49,25.54
4907994,2015/6/4 11:27,18.8,326.1,-22.5,3.632,3.614,33,31,8.51,25.59
8544912,2015/6/4 16:58,18.8,326.1,-22.5,3.632,3.614,33,31,8.53,25.64
4339735,2015/6/5 12:39,18.8,326.1,-22.5,3.633,3.614,33,31,8.54,25.69
7670282,2015/6/5 17:26,18.8,326.1,-22.5,3.632,3.614,33,31,8.559999,25.74
2534249,2015/6/9 17:13,18.8,326.1,-22.5,3.633,3.615,33,31,8.58,25.79
2892603,2015/6/10 16:55,18.8,326.1,-22.5,3.633,3.615,33,31,8.59,25.84
2451809,2015/6/10 17:00,19.2,326.3,-22.5,3.633,3.615,33,31,8.61,25.89
1986587,2015/6/11 14:42,19.2,326.3,-22.5,3.633,3.615,33,31,8.63,25.94
5345683,2015/6/12 12:40,19.2,326.3,-22.5,3.634,3.616,33,31,8.639999,25.99
2211634,2015/6/15 17:12,19.2,326.3,-22.5,3.634,3.615,33,31,8.66,26.06
1119614,2015/6/16 11:25,19.2,326.3,-22.5,3.634,3.615,33,31,8.679999,26.11
8689860,2015/6/17 17:29,19.2,326.3,-22.5,3.634,3.617,33,31,8.7,26.16
5481838,2015/6/18 13:03,19.2,326.3,-22.5,3.634,3.617,33,31,8.71,26.21
5187868,2015/6/19 16:32,19.2,326.3,-22.5,3.635,3.616,33,31,8.73,26.26
7546366,2015/6/22 15:14,19.2,326.4,-22.5,3.634,3.617,33,31,8.75,26.31
5407577,2015/6/23 17:02,19.2,326.3,-22.5,3.635,3.618,33,31,8.76,26.36
1634517,2015/6/24 17:44,19.6,326.4,-22.5,3.634,3.617,33,31,8.78,26.41
7511668,2015/6/25 11:21,19.6,326.4,-22.5,3.635,3.618,33,31,8.8,26.46
2225529,2015/7/13 18:21,19.6,326.4,-22.5,3.635,3.618,33,31,8.809999,26.5
2719439,2015/7/14 13:56,19.6,326.4,-22.5,3.635,3.618,33,31,8.83,26.55
6475803,2015/7/15 16:25,19.6,326.4,-22.5,3.635,3.619,33,31,8.849999,26.6
7314718,2015/7/16 16:29,19.6,326.6,-22.5,3.635,3.619,33,31,8.86,26.65
8726154,2015/7/17 17:12,19.6,326.4,-22.5,3.636,3.619,33,31,8.88,26.7
9884932,2015/7/20 14:57,19.6,326.4,-22.5,3.635,3.619,33,31,8.9,26.75
2725835,2015/7/21 16:12,19.6,326.4,-22.5,3.636,3.619,33,31,8.91,26.8
9251926,2015/7/21 16:55,19.6,326.6,-22.5,3.635,3.619,33,31,8.94,26.87
7848461,2015/7/22 16:45,19.6,326.6,-22.5,3.636,3.62,33,31,8.95,26.92
2450078,2015/7/23 12:06,20,326.4,-22.5,3.636,3.62,33,31,8.97,26.97
8294063,2015/7/23 18:16,20,326.6,-22.5,3.636,3.621,33,31,8.99,27.02
8369555,2015/7/24 16:23,20,326.6,-22.5,3.636,3.621,33,31,9,27.07
7946065,2015/7/27 17:10,20,326.6,-22.5,3.636,3.62,33,31,9.02,27.12
2860677,2015/7/28 16:14,20,326.6,-22.5,3.637,3.621,33,31,9.04,27.17
5319961,2015/7/30 17:37,20,326.6,-22.5,3.636,3.621,33,31,9.05,27.22
8693478,2015/8/3 17:18,20,326.6,-22.5,3.637,3.621,33,31,9.07,27.27
9401194,2015/8/4 14:28,20,326.6,-22.5,3.637,3.622,33,31,9.09,27.32
6864613,2015/8/5 16:24,20,326.7,-22.5,3.636,3.622,33,31,9.099999,27.37
6383107,2015/8/6 11:15,20,326.7,-22.5,3.638,3.621,33,31,9.12,27.42
7109071,2015/8/6 17:13,20,326.6,-22.5,3.637,3.621,33,31,9.139999,27.47
5544644,2015/8/7 12:31,20.4,326.7,-22.5,3.638,3.621,33,31,9.16,27.54
8796946,2015/8/7 16:52,20.4,326.7,-22.5,3.639,3.623,33,31,9.17,27.59
7932903,2015/8/10 16:25,20.4,326.7,-22.5,3.637,3.623,33,31,9.19,27.64
5511788,2015/8/12 15:14,20.4,326.7,-22.5,3.639,3.622,33,31,9.21,27.69
2177313,2015/8/12 15:42,20.4,326.7,-22.5,3.639,3.624,33,31,9.22,27.74
4155559,2015/8/13 11:08,20.4,326.7,-22.5,3.639,3.623,33,31,9.24,27.79
7684218,2015/8/13 17:16,20.4,326.7,-22.5,3.638,3.623,33,31,9.26,27.83
4774630,2015/8/14 12:32,20.4,326.7,-22.5,3.638,3.623,33,31,9.27,27.88
8889063,2015/8/14 16:45,20.4,326.7,-22.5,3.638,3.624,33,31,9.29,27.93
1667198,2015/8/17 17:03,20.4,326.7,-22.5,3.639,3.624,33,31,9.3,27.98
3918469,2015/8/18 17:07,20.4,326.7,-22.5,3.639,3.625,33,31,9.32,28.03
5137159,2015/8/19 13:08,20.8,326.7,-22.5,3.639,3.624,33,31,9.34,28.08
9198706,2015/8/19 16:56,20.8,326.9,-22.5,3.639,3.625,33,31,9.349999,28.13
7484631,2015/8/20 11:21,20.8,326.7,-22.5,3.639,3.625,33,31,9.37,28.2
5047224,2015/8/20 17:34,20.8,326.9,-22.5,3.639,3.625,33,31,9.4,28.25
7612366,2015/8/21 15:25,20.8,326.9,-22.5,3.64,3.625,33,31,9.41,28.3
1943326,2015/8/24 17:44,20.8,326.9,-22.5,3.639,3.625,33,31,9.429999,28.35
4773595,2015/8/25 14:33,20.8,326.9,-22.5,3.64,3.626,33,31,9.45,28.4
8710352,2015/8/25 17:52,20.8,326.9,-22.5,3.64,3.626,33,31,9.46,28.45
6946930,2015/8/26 16:15,20.8,326.9,-22.5,3.64,3.626,33,31,9.48,28.5
9080203,2015/8/27 11:22,20.8,326.9,-22.5,3.64,3.626,33,31,9.5,28.55
1310541,2015/8/27 14:26,21.2,326.9,-22.5,3.64,3.626,33,31,9.51,28.6
2051880,2015/8/28 15:04,21.2,326.9,-22.5,3.64,3.626,33,31,9.53,28.65
2151405,2015/8/31 17:07,21.2,326.9,-22.5,3.64,3.626,33,31,9.55,28.7
9830354,2015/9/1 16:34,21.2,326.9,-22.5,3.64,3.628,33,31,9.559999,28.75
7366688,2015/9/2 14:27,21.2,326.9,-22.5,3.641,3.626,33,31,9.58,28.8
3690401,2015/9/2 16:50,21.2,326.9,-22.5,3.64,3.627,33,31,9.599999,28.87
2666943,2015/9/4 16:44,21.2,327.1,-22.5,3.64,3.628,33,31,9.62,28.92
8966239,2015/9/8 13:45,21.2,327.1,-22.5,3.641,3.628,33,31,9.63,28.97
1060291,2015/9/8 17:29,21.2,327.1,-22.5,3.641,3.628,33,31,9.65,29.02
6178031,2015/9/9 17:26,21.2,327.1,-22.5,3.641,3.629,33,31,9.66,29.07
6720753,2015/9/10 12:27,21.2,327.1,-22.5,3.641,3.628,33,31,9.679999,29.12
5465287,2015/9/10 16:47,21.6,327.1,-22.5,3.641,3.627,33,31,9.7,29.16
4722963,2015/9/11 12:34,21.6,327.1,-22.5,3.642,3.628,33,31,9.71,29.21
2353637,2015/9/14 17:28,21.6,327.1,-22.5,3.642,3.628,33,31,9.73,29.26
4542365,2015/9/17 17:25,21.6,327.1,-22.5,3.642,3.629,33,31,9.75,29.31
4235947,2015/9/18 16:36,21.6,327.1,-22.5,3.642,3.629,33,31,9.76,29.36
3346938,2015/9/21 11:19,21.6,327.1,-22.5,3.642,3.628,33,31,9.78,29.41
1377083,2015/10/1 11:21,21.6,327.1,-22.5,3.643,3.629,33,31,9.809999,29.48
9206532,2015/10/1 12:06,21.6,327.2,-22.5,3.642,3.629,33,31,9.82,29.53
3574851,2015/10/1 17:16,21.6,327.1,-22.5,3.643,3.63,33,31,9.83,29.58
1881770,2015/1/15 13:59,21.6,327.2,-22.5,3.642,3.629,33,31,9.86,29.63
2564911,2015/1/21 14:39,22,327.1,-22.5,3.643,3.629,33,31,9.87,29.68
7028441,2015/1/21 18:57,22,327.1,-22.5,3.643,3.629,33,31,9.889999,29.73
2162299,2015/1/26 18:09,22,327.1,-22.5,3.643,3.63,33,31,9.91,29.78
5859533,2015/1/27 17:27,22,327.2,-22.5,3.642,3.63,33,31,9.92,29.83
4317364,2015/1/28 20:32,22,327.2,-22.5,3.643,3.63,33,31,9.94,29.88
1176150,2015/2/3 14:34,22,327.2,-22.5,3.643,3.629,33,31,9.95,29.93
6226034,2015/2/3 18:43,22,327.2,-22.5,3.643,3.631,33,31,9.98,30
4366553,2015/2/4 14:29,22,327.2,-22.5,3.644,3.63,33,31,9.99,30.05
3217970,2015/2/6 14:14,22,327.2,-22.5,3.643,3.63,33,31,10.01,30.1
7786095,2015/2/10 14:09,22,327.2,-22.5,3.644,3.63,33,31,10.02,30.15
4705451,2015/2/12 19:27,22,327.2,-22.5,3.644,3.631,33,31,10.04,30.2
1699715,2015/2/16 14:29,22.4,327.2,-22.5,3.644,3.631,33,31,10.06,30.25
7648104,2015/2/18 13:38,22.4,327.2,-22.5,3.644,3.631,33,31,10.07,30.3
4635698,2015/2/18 17:35,22.4,327.2,-22.5,3.644,3.631,33,31,10.09,30.35
3923928,2015/2/19 14:02,22.4,327.4,-22.5,3.644,3.631,33,31,10.11,30.4
8791850,2015/2/19 17:55,22.4,327.4,-22.5,3.645,3.631,33,31,10.12,30.45
1824270,2015/2/23 17:40,22.4,327.4,-22.5,3.644,3.632,33,31,10.14,30.49
2321993,2015/3/12 16:13,22.4,327.2,-22.5,3.645,3.632,33,31,10.16,30.54
7906889,2015/3/12 21:37,22.4,327.4,-22.5,3.644,3.632,33,31,10.18,30.61
5923518,2015/3/13 16:07,22.4,327.4,-22.5,3.645,3.632,33,31,10.19,30.66
4264640,2015/3/17 21:10,22.4,327.4,-22.5,3.645,3.632,33,31,10.22,30.71
6087939,2015/3/23 17:18,22.4,327.4,-22.5,3.645,3.632,33,31,10.23,30.76
2097707,2015/3/30 18:50,22.8,327.4,-22.5,3.645,3.632,33,31,10.24,30.81
9090606,2015/3/31 20:36,22.8,327.4,-22.5,3.646,3.633,33,31,10.27,30.86
4833980,2015/4/1 21:02,22.8,327.4,-22.5,3.646,3.633,33,31,10.28,30.91
9998981,2015/4/2 17:03,22.8,327.4,-22.5,3.646,3.633,33,31,10.29,30.96
1968884,2015/4/6 13:12,22.8,327.4,-22.5,3.646,3.632,33,31,10.31,31.01
4775619,2015/4/6 16:59,22.8,327.4,-22.5,3.645,3.633,33,31,10.33,31.06
7165535,2015/4/7 20:34,22.8,327.4,-22.5,3.646,3.633,33,31,10.35,31.11
6108765,2015/4/17 17:45,22.8,327.5,-22.5,3.646,3.633,33,31,10.37,31.17
5431268,2015/4/27 17:48,22.8,327.4,-22.5,3.646,3.633,33,31,10.38,31.22
8807066,2015/4/28 15:50,22.8,327.4,-22.5,3.646,3.633,33,31,10.4,31.28
2366312,2015/4/29 17:10,23.2,327.4,-22.5,3.646,3.634,33,31,10.42,31.33
6533184,2015/4/30 19:14,23.2,327.5,-22.5,3.647,3.634,33,31,10.43,31.38
8146919,2015/5/1 19:26,23.2,327.5,-22.5,3.647,3.634,33,31,10.45,31.44
9240795,2015/5/4 13:27,23.2,327.5,-22.5,3.646,3.634,33,31,10.47,31.48
9131704,2015/5/4 21:02,23.2,327.5,-22.5,3.647,3.634,33,31,10.48,31.53
8258612,2015/5/5 18:45,23.2,327.5,-22.5,3.646,3.634,33,31,10.5,31.58
5663108,2015/5/13 17:14,23.2,327.5,-22.5,3.646,3.634,33,31,10.52,31.64
6649705,2015/5/14 16:13,23.2,327.5,-22.5,3.647,3.635,33,31,10.54,31.69
5226944,2015/5/14 19:55,23.2,327.5,-22.5,3.647,3.635,33,31,10.55,31.74
8829161,2015/5/15 17:04,23.2,327.5,-22.5,3.647,3.635,33,31,10.58,31.79
6295415,2015/5/18 15:41,23.2,327.5,-22.5,3.647,3.635,33,31,10.59,31.84
2486127,2015/5/19 16:45,23.6,327.5,-22.5,3.647,3.635,33,31,10.61,31.91
3297805,2015/5/20 17:16,23.6,327.5,-22.5,3.647,3.635,33,31,10.63,31.96
8025036,2015/5/21 19:12,23.6,327.5,-22.5,3.648,3.635,33,31,10.65,32.01
6067782,2015/5/27 17:14,23.6,327.5,-22.5,3.648,3.635,33,31,10.65,32.04
5570215,2015/5/29 17:09,23.6,327.7,-22.5,3.648,3.636,33,31,10.68,32.11
4150137,2015/6/2 15:55,23.6,327.5,-22.5,3.648,3.635,33,31,10.7,32.16
1851465,2015/6/3 17:04,23.6,327.7,-22.5,3.648,3.635,33,31,10.71,32.21
8612143,2015/6/4 13:03,23.6,327.5,-22.5,3.648,3.636,33,31,10.73,32.26
1256772,2015/6/4 20:03,23.6,327.7,-22.5,3.648,3.636,33,31,10.74,32.31
6326627,2015/6/8 19:17,23.6,327.7,-22.5,3.649,3.636,33,31,10.77,32.37
9547336,2015/6/10 14:20,24,327.7,-22.5,3.648,3.636,33,31,10.78,32.43
2660497,2015/6/10 18:38,24,327.7,-22.5,3.648,3.636,33,31,10.8,32.48
7264751,2015/6/11 19:37,24,327.7,-22.5,3.648,3.636,33,31,10.81,32.53
4974779,2015/6/12 14:28,24,327.7,-22.5,3.648,3.636,33,31,10.83,32.58
4575807,2015/6/12 19:16,24,327.7,-22.5,3.649,3.635,33,31,10.85,32.62
9976151,2015/6/15 13:44,24,327.7,-22.5,3.649,3.637,33,31,10.86,32.67
1258066,2015/6/15 17:03,24,327.7,-22.5,3.649,3.637,33,31,10.88,32.72
8999662,2015/6/16 17:49,24,327.7,-22.5,3.649,3.637,33,31,10.9,32.77
3839404,2015/6/17 18:04,24,327.7,-22.5,3.65,3.637,33,31,10.91,32.82
3416621,2015/6/18 19:48,24,327.7,-22.5,3.65,3.637,33,31,10.93,32.89
6905541,2015/6/22 18:43,24,327.7,-22.5,3.649,3.637,33,31,10.96,32.94
1104463,2015/6/23 15:43,24.4,327.8,-22.5,3.65,3.638,33,31,10.97,32.99
3913179,2015/6/24 16:57,24.4,327.8,-22.5,3.65,3.637,33,31,10.98,33.04
2011252,2015/6/26 13:32,24.4,327.8,-22.5,3.65,3.638,33,31,11.01,33.09
6076670,2015/6/26 17:25,24.4,327.8,-22.5,3.65,3.638,33,31,11.02,33.14
1890363,2015/6/29 17:25,24.4,327.7,-22.5,3.651,3.639,33,31,11.04,33.19
5997459,2015/6/30 17:54,24.4,327.8,-22.5,3.65,3.638,33,31,11.06,33.24
7179065,2015/7/1 18:36,24.4,327.8,-22.5,3.651,3.639,33,31,11.07,33.29
4506034,2015/7/6 16:29,24.4,327.8,-22.5,3.651,3.638,33,31,11.09,33.34
7461794,2015/7/8 17:23,24.4,327.8,-22.5,3.65,3.638,33,31,11.1,33.39
3320247,2015/7/15 16:16,24.4,327.8,-22.5,3.65,3.638,33,31,11.12,33.44
2118414,2015/7/16 17:32,24.8,327.8,-22.5,3.65,3.638,33,31,11.14,33.5
8679380,2015/7/17 17:08,24.8,327.8,-22.5,3.651,3.638,33,31,11.16,33.55
2409826,2015/7/20 18:44,24.8,327.8,-22.5,3.651,3.638,33,31,11.17,33.6
7817859,2015/7/21 15:58,24.8,328,-22.5,3.651,3.639,33,31,11.19,33.65
6935812,2015/7/23 17:23,24.8,327.8,-22.5,3.651,3.639,33,32,11.21,33.7
5155934,2015/7/27 20:24,24.8,328,-22.5,3.651,3.639,33,32,11.23,33.77
5808039,2015/7/28 19:37,24.8,328,-22.5,3.651,3.639,33,32,11.24,33.82
4193479,2015/7/29 19:14,24.8,328,-22.5,3.651,3.639,33,32,11.27,33.87
1859460,2015/7/30 18:27,24.8,328,-22.5,3.652,3.639,33,32,11.27,33.91
4861447,2015/8/3 13:29,24.8,328,-22.5,3.651,3.639,33,32,11.29,33.97
6675795,2015/8/3 16:19,24.8,328,-22.5,3.651,3.639,33,32,11.32,34.02
7296683,2015/8/3 20:50,25.2,328,-22.5,3.652,3.64,33,32,11.33,34.07
5164549,2015/8/4 17:00,25.2,328,-22.5,3.652,3.639,33,32,11.34,34.12
3898980,2015/8/5 13:17,25.2,328,-22.5,3.653,3.64,33,32,11.37,34.17
6186530,2015/8/5 18:55,25.2,328,-22.5,3.652,3.64,33,32,11.39,34.24
8842700,2015/8/6 16:35,25.2,328,-22.5,3.652,3.639,33,32,11.4,34.29
2890933,2015/8/6 19:21,25.2,328,-22.5,3.652,3.64,33,32,11.42,34.34
7556587,2015/8/7 13:06,25.2,328,-22.5,3.653,3.64,33,32,11.44,34.39
8170464,2015/8/7 18:57,25.2,328,-22.5,3.653,3.64,33,32,11.45,34.44
8958839,2015/8/10 13:06,25.2,328.2,-22.5,3.652,3.64,33,32,11.47,34.48
1792624,2015/8/11 13:07,25.2,328,-22.5,3.653,3.641,33,32,11.49,34.53
2838084,2015/8/11 16:55,25.6,328.2,-22.5,3.654,3.64,33,32,11.5,34.58
8471653,2015/8/13 17:58,25.6,328,-22.5,3.653,3.64,33,32,11.52,34.63
4105012,2015/8/13 18:49,25.6,328.2,-22.5,3.653,3.641,33,32,11.54,34.7
2834438,2015/8/17 18:03,25.6,328,-22.5,3.654,3.641,33,32,11.56,34.75
8161363,2015/8/17 20:18,25.6,328.2,-22.5,3.654,3.641,33,32,11.57,34.8
2016392,2015/8/18 14:48,25.6,328.2,-22.5,3.654,3.641,33,32,11.59,34.85
5098975,2015/8/19 20:06,25.6,328.2,-22.5,3.654,3.642,33,32,11.61,34.9
2968857,2015/8/20 18:57,25.6,328.2,-22.5,3.654,3.641,33,32,11.62,34.95
2095458,2015/8/21 15:25,25.6,328.2,-22.5,3.654,3.641,33,32,11.64,35
6992976,2015/8/24 15:05,25.6,328.2,-22.5,3.653,3.642,33,32,11.65,35.05
3059726,2015/8/25 16:13,25.6,328.2,-22.5,3.654,3.642,33,32,11.67,35.1
2896987,2015/8/26 13:11,26,328.3,-22.5,3.654,3.642,33,32,11.69,35.15
7903886,2015/8/27 14:28,26,328.2,-22.5,3.654,3.642,33,32,11.7,35.2
6808795,2015/8/27 16:48,26,328.2,-22.5,3.654,3.643,33,32,11.73,35.26
5239236,2015/8/27 18:23,26,328.3,-22.5,3.654,3.643,33,32,11.75,35.31
1547224,2015/8/31 13:19,26,328.3,-22.5,3.654,3.643,33,32,11.76,35.36
8402166,2015/8/31 17:22,26,328.3,-22.5,3.654,3.643,33,32,11.78,35.42
2022698,2015/9/1 17:38,26,328.2,-22.5,3.655,3.643,33,32,11.8,35.47
9150409,2015/9/1 19:38,26,328.3,-22.5,3.655,3.643,33,32,11.81,35.52
9820762,2015/9/2 13:00,26,328.3,-22.5,3.655,3.642,33,32,11.83,35.57
3992691,2015/9/2 14:52,26,328.3,-22.5,3.656,3.643,33,32,11.85,35.63
8608385,2015/9/2 20:12,26.4,328.2,-22.5,3.655,3.643,33,32,11.87,35.68
3443841,2015/9/3 15:38,26.4,328.3,-22.5,3.655,3.643,33,32,11.88,35.73
1918100,2015/9/3 20:18,26.4,328.3,-22.5,3.655,3.643,33,32,11.9,35.78
9091743,2015/9/4 13:20,26.4,328.3,-22.5,3.655,3.643,33,32,11.92,35.83
3071699,2015/9/4 16:00,26.4,328.3,-22.5,3.656,3.644,33,32,11.93,35.88
9319901,2015/9/8 16:42,26.4,328.3,-22.5,3.656,3.644,33,32,11.95,35.93
1466557,2015/9/9 13:17,26.4,328.3,-22.5,3.656,3.643,33,32,11.97,35.98
6841106,2015/9/10 13:14,26.4,328.3,-22.5,3.656,3.644,33,32,11.99,36.05
2866748,2015/9/10 17:36,26.4,328.3,-22.5,3.656,3.644,33,32,12.01,36.1
9328629,2015/9/10 19:33,26.4,328.3,-22.5,3.656,3.644,33,32,12.02,36.15
7589250,2015/9/16 14:03,26.4,328.3,-22.5,3.656,3.644,33,32,12.04,36.2
9666597,2015/9/16 15:24,26.8,328.3,-22.5,3.656,3.644,33,32,12.06,36.25
7823660,2015/9/16 16:18,26.8,328.3,-22.5,3.657,3.644,33,32,12.07,36.3
6535290,2015/9/17 13:24,26.8,328.5,-22.5,3.657,3.644,33,32,12.08,36.34
8836927,2015/9/17 17:09,26.8,328.3,-22.5,3.657,3.644,33,32,12.11,36.39
3366363,2015/9/18 13:00,26.8,328.3,-22.5,3.657,3.644,33,32,12.13,36.46
6962786,2015/9/21 13:16,26.8,328.5,-22.5,3.656,3.646,33,32,12.14,36.51
4821714,2015/9/22 13:06,26.8,328.5,-22.5,3.657,3.645,33,32,12.16,36.57
3990185,2015/9/22 17:17,26.8,328.5,-22.5,3.657,3.645,33,32,12.18,36.61
5654142,2015/9/23 10:54,26.8,328.5,-22.5,3.657,3.645,33,32,12.19,36.66
6985154,2015/9/23 16:54,26.8,328.5,-22.5,3.657,3.645,33,32,12.21,36.71
2817368,2015/9/24 13:01,27.2,328.5,-22.5,3.657,3.646,33,32,12.23,36.76
9044406,2015/9/24 17:15,27.2,328.5,-22.5,3.657,3.645,33,32,12.24,36.81
4681905,2015/9/28 13:00,27.2,328.5,-22.5,3.657,3.646,33,32,12.26,36.87
6153695,2015/9/28 17:00,27.2,328.5,-22.5,3.657,3.646,33,32,12.28,36.92
6012875,2015/9/28 18:23,27.2,328.5,-22.5,3.657,3.645,33,32,12.3,36.97
9330222,2015/9/29 16:42,27.2,328.5,-22.5,3.658,3.646,33,32,12.31,37.03
3795699,2015/9/30 13:27,27.2,328.6,-22.5,3.657,3.646,33,32,12.33,37.08
9481325,2015/9/30 17:12,27.2,328.6,-22.5,3.657,3.645,33,32,12.35,37.13
1853161,2015/10/1 13:09,27.2,328.6,-22.5,3.657,3.646,33,32,12.36,37.18
5446583,2015/8/18 11:51,27.2,328.5,-22.5,3.658,3.646,33,32,12.38,37.23
4613021,2015/8/19 17:35,27.2,328.6,-22.5,3.658,3.646,33,32,12.4,37.29
5055800,2015/3/19 16:02,27.6,328.6,-22.5,3.658,3.646,33,32,12.42,37.34
6919729,2015/3/23 15:59,27.6,328.6,-22.5,3.658,3.647,33,32,12.44,37.39
5906960,2015/3/24 16:17,27.6,328.6,-22.5,3.659,3.647,33,32,12.45,37.44
5129400,2015/4/8 12:48,27.6,328.5,-22.5,3.659,3.646,33,32,12.47,37.49
4842703,2015/2/20 20:57,27.6,328.6,-22.5,3.658,3.647,33,32,12.49,37.56
7989311,2015/2/24 20:50,27.6,328.6,-22.5,3.659,3.646,33,32,12.5,37.59
9566229,2015/1/14 13:36,27.6,328.6,-22.5,3.66,3.647,34,32,12.52,37.64
2977982,2015/1/15 13:51,27.6,328.6,-22.5,3.659,3.647,34,32,12.54,37.69
9472597,2015/1/16 15:34,27.6,328.6,-22.5,3.659,3.646,34,32,12.56,37.76
6540059,2015/1/20 13:05,27.6,328.6,-22.5,3.659,3.647,34,32,12.57,37.81
7421955,2015/1/20 16:18,28,328.6,-22.5,3.66,3.648,34,32,12.59,37.86
4789991,2015/1/21 13:34,28,328.6,-22.5,3.66,3.647,34,32,12.61,37.91
4185441,2015/1/22 13:45,28,328.6,-22.5,3.66,3.647,34,32,12.62,37.96
6133324,2015/1/22 19:29,28,328.6,-22.5,3.66,3.647,34,32,12.64,38.01
9051503,2015/1/29 17:47,28,328.8,-22.5,3.66,3.647,34,32,12.66,38.06
5324573,2015/2/6 14:27,28,328.8,-22.5,3.66,3.648,34,32,12.68,38.12
9101769,2015/2/11 13:21,28,328.8,-22.5,3.66,3.648,34,32,12.7,38.18
4322385,2015/2/11 18:13,28,328.8,-22.5,3.66,3.648,34,32,12.71,38.23
1784534,2015/2/12 12:46,28,328.8,-22.5,3.66,3.648,34,32,12.73,38.28
8053399,2015/2/12 16:50,28,328.8,-22.5,3.66,3.647,34,32,12.75,38.33
2630978,2015/2/19 14:16,28,328.8,-22.5,3.661,3.648,34,32,12.76,38.38
3673354,2015/2/20 13:05,28.4,328.8,-22.5,3.661,3.648,34,32,12.78,38.43
6048004,2015/2/24 14:01,28.4,328.8,-22.5,3.661,3.648,34,32,12.8,38.47
8630811,2015/3/11 16:01,28.4,328.8,-22.5,3.661,3.648,34,32,12.82,38.54
7093670,2014/11/18 15:01,28.4,328.8,-22.5,3.66,3.649,34,32,12.83,38.59
3730551,2014/11/19 19:01,28.4,328.8,-22.5,3.661,3.649,34,32,12.85,38.64
7080329,2014/11/20 19:20,28.4,328.8,-22.5,3.661,3.648,34,32,12.87,38.69
3829635,2014/11/21 19:02,28.4,328.9,-22.5,3.661,3.649,34,32,12.88,38.74
6139758,2014/11/24 17:16,28.4,328.8,-22.5,3.661,3.649,34,32,12.9,38.81
2654056,2014/11/25 16:57,28.4,328.8,-22.5,3.662,3.649,34,32,12.92,38.84
7390629,2014/12/1 18:05,28.4,328.9,-22.5,3.661,3.65,34,32,12.93,38.89
5669861,2014/12/2 17:24,28.8,328.9,-22.5,3.662,3.65,34,32,12.95,38.96
3025002,2014/12/15 12:54,28.8,328.9,-22.5,3.662,3.649,34,32,12.98,39
7371202,2014/12/17 17:25,28.8,328.9,-22.5,3.662,3.65,34,32,12.99,39.05
5767563,2014/12/18 14:04,28.8,328.9,-22.5,3.661,3.65,34,32,13,39.1
4312867,2015/1/5 17:14,28.8,328.9,-22.5,3.663,3.649,34,32,13.02,39.15
4568756,2015/1/6 13:11,28.8,328.9,-22.5,3.662,3.65,34,32,13.04,39.2
9866287,2015/1/28 18:49,28.8,328.9,-22.5,3.661,3.65,34,32,13.05,39.25
3892724,2015/1/29 13:33,28.8,328.9,-22.5,3.662,3.651,34,32,13.08,39.32
8362719,2015/1/29 14:15,28.8,328.9,-22.5,3.662,3.65,34,32,13.09,39.37
9502349,2015/1/30 12:02,28.8,328.9,-22.5,3.663,3.65,34,32,13.11,39.42
1233865,2015/2/10 16:54,28.8,328.9,-22.5,3.663,3.65,34,32,13.13,39.47
5756621,2015/2/11 19:50,29.2,328.9,-22.5,3.663,3.65,34,32,13.14,39.52
9310274,2015/2/12 19:25,29.2,328.9,-22.5,3.663,3.65,34,32,13.16,39.57
6607225,2015/2/13 15:34,29.2,328.9,-22.5,3.662,3.652,34,32,13.18,39.62
4253199,2015/2/17 16:53,29.2,328.9,-22.5,3.663,3.651,34,32,13.19,39.67
3834284,2015/2/19 12:18,29.2,328.9,-22.5,3.663,3.65,34,32,13.21,39.72
5387517,2015/2/24 17:49,29.2,328.9,-22.5,3.662,3.651,34,32,13.23,39.77
5528232,2015/2/25 19:12,29.2,328.9,-22.5,3.663,3.651,34,32,13.24,39.82
5285180,2015/3/10 11:38,29.2,329.1,-22.5,3.664,3.651,34,32,13.26,39.89
9855221,2015/3/11 20:00,29.2,328.9,-22.5,3.664,3.65,34,32,13.28,39.94
5770371,2015/3/13 17:57,29.2,328.9,-22.5,3.664,3.651,34,32,13.3,39.99
1471021,2015/3/19 19:47,29.6,329.1,-22.5,3.664,3.651,34,32,13.31,40.04
3536729,2015/3/23 12:19,29.6,329.1,-22.5,3.664,3.652,34,32,13.34,40.09
3830144,2015/3/24 11:37,29.6,329.1,-22.5,3.664,3.651,34,32,13.35,40.14
8007689,2015/3/25 14:00,29.6,329.1,-22.5,3.664,3.652,34,32,13.36,40.19
2142462,2015/3/26 16:46,29.6,329.1,-22.5,3.664,3.651,34,32,13.38,40.24
7591864,2015/3/27 14:03,29.6,329.1,-22.5,3.665,3.651,34,32,13.4,40.29
6082608,2015/3/30 14:23,29.6,329.1,-22.5,3.665,3.653,34,32,13.42,40.35
5151634,2015/3/31 15:34,29.6,329.1,-22.5,3.664,3.653,34,32,13.44,40.4
5006104,2015/4/1 15:28,29.6,329.1,-22.5,3.664,3.652,34,32,13.45,40.45
1644003,2015/4/2 11:28,29.6,329.1,-22.5,3.664,3.652,34,32,13.47,40.5
9959617,2015/4/9 15:51,29.6,329.2,-22.5,3.664,3.653,34,32,13.49,40.55
3783080,2015/4/13 19:14,30,329.1,-22.5,3.664,3.653,34,32,13.51,40.62
2096115,2015/4/15 13:15,30,329.1,-22.5,3.665,3.653,34,32,13.52,40.65
6841561,2015/4/15 14:28,30,329.2,-22.5,3.665,3.654,34,32,13.54,40.7
7049550,2015/4/15 17:57,30,329.1,-22.5,3.665,3.653,34,32,13.55,40.75
4275838,2015/4/24 14:17,30,329.2,-22.5,3.665,3.653,34,32,13.57,40.82
6235741,2015/4/28 19:45,30,329.2,-22.5,3.665,3.653,34,32,13.59,40.86
9577350,2015/5/8 13:51,30,329.2,-22.5,3.665,3.654,34,32,13.61,40.91
4734743,2015/6/4 15:32,30,329.2,-22.5,3.666,3.653,34,32,13.62,40.96
7776052,2015/7/21 13:43,30,329.2,-22.5,3.665,3.653,34,32,13.64,41.01
3990853,2015/4/8 18:33,30,329.2,-22.5,3.666,3.654,34,32,13.67,41.09
4459427,2015/4/9 18:42,30.4,329.2,-22.5,3.666,3.654,34,32,13.68,41.13
7635898,2015/4/10 18:17,30.4,329.2,-22.5,3.666,3.654,34,32,13.69,41.18
8969594,2015/4/13 18:22,30.4,329.2,-22.5,3.666,3.654,34,32,13.72,41.23
7197033,2015/4/14 18:28,30.4,329.2,-22.5,3.666,3.653,34,32,13.73,41.28
4884677,2015/4/15 17:31,30.4,329.2,-22.5,3.666,3.654,34,32,13.74,41.33
2147361,2015/4/16 18:17,30.4,329.2,-22.5,3.666,3.654,34,32,13.77,41.38
3770628,2015/4/17 18:12,30.4,329.2,-22.5,3.667,3.655,34,32,13.78,41.43
9801335,2015/4/20 12:53,30.4,329.2,-22.5,3.666,3.654,34,32,13.8,41.48
7641189,2015/4/21 16:42,30.4,329.2,-22.5,3.666,3.654,34,32,13.81,41.53
1771880,2015/4/22 17:35,30.4,329.2,-22.5,3.667,3.654,34,32,13.83,41.58
6289147,2015/4/23 12:58,30.4,329.4,-22.5,3.667,3.655,34,32,13.85,41.63
3952058,2015/4/24 17:38,30.8,329.4,-22.5,3.667,3.654,34,32,13.87,41.7
5767031,2015/4/27 12:53,30.8,329.4,-22.5,3.666,3.654,34,32,13.88,41.75
1974663,2015/4/28 12:28,30.8,329.4,-22.5,3.667,3.654,34,32,13.9,41.8
7943741,2015/4/29 12:53,30.8,329.4,-22.5,3.668,3.654,34,32,13.92,41.85
4147556,2015/4/30 13:04,30.8,329.4,-22.5,3.668,3.654,34,32,13.93,41.9
1509895,2015/5/1 18:23,30.8,329.4,-22.5,3.668,3.656,34,32,13.95,41.95
6432670,2015/5/4 13:45,30.8,329.4,-22.5,3.667,3.655,34,32,13.97,42
7871544,2015/5/5 19:39,30.8,329.4,-22.5,3.668,3.656,34,32,13.98,42.05
5055422,2015/5/6 12:38,30.8,329.4,-22.5,3.668,3.656,34,32,14,42.1
9982427,2015/5/7 17:32,30.8,329.6,-22.5,3.668,3.656,34,32,14.02,42.15
1092006,2015/5/8 16:39,31.2,329.4,-22.5,3.668,3.655,34,32,14.04,42.21
2735458,2015/5/11 17:54,31.2,329.6,-22.5,3.668,3.655,34,32,14.05,42.26
7627992,2015/5/12 18:06,31.2,329.4,-22.5,3.668,3.656,34,32,14.08,42.32
1718423,2015/5/13 18:02,31.2,329.6,-22.5,3.668,3.656,34,32,14.09,42.37
9192828,2015/5/14 13:03,31.2,329.6,-22.5,3.669,3.656,34,32,14.1,42.42
1572979,2015/5/15 17:44,31.2,329.4,-22.5,3.669,3.656,34,32,14.13,42.46
3487904,2015/5/18 17:38,31.2,329.6,-22.5,3.668,3.657,34,32,14.14,42.51
6763610,2015/5/19 16:36,31.2,329.4,-22.5,3.669,3.657,34,32,14.15,42.56
2012032,2015/5/20 13:00,31.2,329.6,-22.5,3.669,3.656,34,32,14.17,42.61
9373410,2015/5/21 17:23,31.2,329.6,-22.5,3.669,3.657,34,32,14.2,42.68
7529207,2015/5/22 15:54,31.2,329.6,-22.5,3.669,3.657,34,32,14.21,42.72
3669573,2015/5/26 18:06,31.6,329.6,-22.5,3.669,3.657,34,32,14.23,42.78
1986133,2015/5/27 17:19,31.6,329.6,-22.5,3.669,3.656,34,32,14.24,42.83
6948821,2015/5/28 18:17,31.6,329.6,-22.5,3.669,3.656,34,32,14.26,42.88
3614527,2015/5/29 18:19,31.6,329.6,-22.5,3.67,3.658,34,32,14.28,42.93
4136508,2015/6/1 17:36,31.6,329.6,-22.5,3.669,3.657,34,32,14.3,42.99
3086685,2015/6/2 17:50,31.6,329.6,-22.5,3.669,3.658,34,32,14.31,43.04
1646115,2015/6/3 17:52,31.6,329.6,-22.5,3.67,3.658,34,32,14.33,43.08
2774472,2015/6/4 18:05,31.6,329.6,-22.5,3.67,3.657,34,32,14.35,43.14
9846685,2015/6/5 18:44,31.6,329.6,-22.5,3.67,3.657,34,32,14.36,43.19
8226298,2015/6/8 18:28,31.6,329.7,-22.5,3.67,3.658,34,32,14.38,43.24
2451482,2015/6/9 17:35,32,329.7,-22.5,3.67,3.657,34,32,14.4,43.29
1973215,2015/6/10 18:24,32,329.7,-22.5,3.67,3.658,34,32,14.41,43.34
1279402,2015/6/11 17:50,32,329.7,-22.5,3.671,3.658,34,32,14.43,43.39
7508235,2015/6/16 17:00,32,329.7,-22.5,3.67,3.658,34,32,14.46,43.46
3413837,2015/6/17 17:46,32,329.7,-22.5,3.671,3.657,34,32,14.47,43.51
8101955,2015/6/18 17:56,32,329.7,-22.5,3.671,3.659,34,32,14.49,43.56
5102547,2015/6/19 17:40,32,329.7,-22.5,3.671,3.659,34,32,14.51,43.61
5636445,2015/6/22 17:33,32,329.7,-22.5,3.672,3.658,34,32,14.52,43.66
9979037,2015/6/23 18:04,32,329.7,-22.5,3.672,3.659,34,32,14.54,43.71
8350412,2015/6/24 17:47,32,329.7,-22.5,3.671,3.659,34,32,14.56,43.76
8738836,2015/6/26 12:24,32,329.7,-22.5,3.672,3.658,34,32,14.57,43.81
4301228,2015/7/6 12:49,32.4,329.7,-22.5,3.672,3.659,34,32,14.59,43.86
8570311,2015/7/7 12:37,32.4,329.7,-22.5,3.672,3.659,34,32,14.6,43.91
3586411,2015/7/8 12:32,32.4,329.7,-22.5,3.672,3.659,34,32,14.62,43.96
8795078,2015/7/9 12:45,32.4,329.9,-22.5,3.672,3.659,34,32,14.64,44.03
6741360,2015/7/10 12:38,32.4,329.7,-22.5,3.672,3.66,34,32,14.66,44.08
3514859,2015/7/13 17:11,32.4,329.9,-22.5,3.672,3.659,34,32,14.67,44.13
1636865,2015/7/14 18:05,32.4,329.9,-22.5,3.672,3.66,34,32,14.69,44.18
9424700,2015/7/15 12:33,32.4,329.9,-22.5,3.673,3.66,34,32,14.71,44.23
3244147,2015/7/16 12:48,32.4,329.9,-22.5,3.673,3.66,34,32,14.72,44.28
4923767,2015/7/17 18:19,32.4,329.9,-22.5,3.672,3.661,34,32,14.74,44.32
2584531,2015/7/20 13:12,32.4,329.9,-22.5,3.673,3.66,34,32,14.76,44.37
3701503,2015/7/21 11:17,32.8,329.9,-22.5,3.673,3.66,34,32,14.77,44.42
1814207,2015/7/22 12:27,32.8,329.9,-22.5,3.673,3.66,34,32,14.79,44.47
3219175,2015/7/23 12:00,32.8,329.9,-22.5,3.673,3.66,34,32,14.81,44.52
8707146,2015/7/27 12:30,32.8,329.9,-22.5,3.673,3.66,34,32,14.83,44.59
9226641,2015/7/28 12:29,32.8,329.9,-22.5,3.673,3.661,34,32,14.84,44.64
5806483,2015/7/29 12:50,32.8,329.9,-22.5,3.673,3.66,34,32,14.87,44.69
4469845,2015/7/31 13:21,32.8,329.9,-22.5,3.674,3.661,34,32,14.88,44.74
1218571,2015/8/3 17:03,32.8,329.9,-22.5,3.673,3.661,34,32,14.89,44.79
1413774,2015/8/4 12:46,32.8,329.9,-22.5,3.674,3.661,34,32,14.92,44.84
6911510,2015/8/5 12:41,32.8,330,-22.5,3.674,3.661,34,32,14.93,44.89
8312688,2015/8/6 12:45,33.2,329.9,-22.5,3.673,3.662,34,32,14.95,44.94
3300067,2015/8/7 12:41,33.2,330,-22.5,3.674,3.661,34,32,14.96,44.99
9162594,2015/8/10 12:29,33.2,330,-22.5,3.674,3.661,34,32,14.98,45.04
3257014,2015/8/11 12:47,33.2,330,-22.5,3.675,3.662,34,32,15,45.09
5075871,2015/8/12 17:10,33.2,330,-22.5,3.675,3.662,34,32,15.02,45.15
1420415,2015/8/13 17:21,33.2,330,-22.5,3.675,3.662,34,32,15.03,45.2
6782716,2015/8/14 12:54,33.2,330,-22.5,3.674,3.662,34,32,15.05,45.25
4438961,2015/8/17 14:05,33.2,330,-22.5,3.675,3.662,34,32,15.07,45.31
7004214,2015/8/18 12:47,33.2,330.2,-22.5,3.675,3.661,34,32,15.08,45.36
5954651,2015/8/21 12:44,33.2,330,-22.5,3.675,3.662,34,32,15.1,45.41
5706503,2015/8/24 12:49,33.2,330,-22.5,3.675,3.662,34,32,15.12,45.47
1131719,2015/8/25 12:37,33.6,330,-22.5,3.675,3.662,34,32,15.14,45.52
3728340,2015/8/26 12:24,33.6,330,-22.5,3.676,3.662,34,32,15.15,45.57
9998167,2015/8/27 12:38,33.6,330.2,-22.5,3.676,3.663,34,32,15.17,45.61
2407671,2015/8/28 12:06,33.6,330.2,-22.5,3.675,3.662,34,32,15.19,45.67
2253366,2015/8/31 12:34,33.6,330,-22.5,3.675,3.663,34,32,15.2,45.72
9187633,2015/9/1 12:28,33.6,330.2,-22.5,3.675,3.662,34,32,15.23,45.77
1934640,2015/9/2 12:40,33.6,330.2,-22.5,3.676,3.663,34,32,15.24,45.82
4578343,2015/9/3 12:41,33.6,330.2,-22.5,3.677,3.663,34,32,15.25,45.87
4541949,2015/9/4 12:42,33.6,330.2,-22.5,3.676,3.663,34,32,15.28,45.92
1921311,2015/9/8 12:28,33.6,330.2,-22.5,3.676,3.664,34,32,15.29,45.97
3751236,2015/9/9 14:45,34,330.2,-22.5,3.676,3.663,34,32,15.3,46.02
2920778,2015/9/10 13:01,34,330.2,-22.5,3.676,3.664,34,32,15.33,46.09
4342521,2015/9/11 12:49,34,330.2,-22.5,3.677,3.664,34,32,15.35,46.14
4429498,2015/9/14 12:37,34,330.2,-22.5,3.677,3.663,34,32,15.36,46.18
9239932,2015/9/15 12:49,34,330.3,-22.5,3.677,3.664,34,32,15.37,46.22
6198413,2015/9/16 12:53,34,330.3,-22.5,3.677,3.664,34,32,15.39,46.28
6880401,2015/9/17 12:53,34,330.3,-22.5,3.677,3.664,34,32,15.41,46.33
4830439,2015/9/18 12:55,34,330.3,-22.5,3.677,3.665,34,32,15.43,46.38
2326907,2015/9/21 12:43,34,330.2,-22.5,3.677,3.664,34,32,15.44,46.43
5577655,2015/9/22 12:59,34,330.3,-22.5,3.677,3.664,34,32,15.46,46.48
8522652,2015/9/23 12:47,34,330.3,-22.5,3.677,3.664,34,32,15.48,46.53
4469933,2015/9/24 12:49,34.4,330.3,-22.5,3.678,3.665,34,32,15.5,46.6
6991114,2015/9/28 13:12,34.4,330.3,-22.5,3.678,3.664,34,33,15.51,46.65
7817917,2015/9/29 12:49,34.4,330.3,-22.5,3.678,3.665,34,33,15.53,46.7
5045622,2015/9/30 13:00,34.4,330.3,-22.5,3.678,3.666,34,33,15.55,46.75
7614796,2015/10/1 15:11,34.4,330.3,-22.5,3.679,3.666,34,33,15.56,46.8
5357155,2015/10/1 15:15,34.4,330.3,-22.5,3.679,3.666,34,33,15.58,46.85
2323371,2015/10/2 13:14,34.4,330.3,-22.5,3.678,3.666,34,33,15.6,46.9
9014128,2015/4/10 12:53,34.4,330.3,-22.5,3.679,3.665,34,33,15.61,46.95
2401306,2015/4/10 16:07,34.4,330.5,-22.5,3.679,3.665,34,33,15.64,47
4442463,2015/4/22 12:16,34.4,330.5,-22.5,3.679,3.665,34,33,15.65,47.05
1004821,2015/4/22 16:24,34.8,330.5,-22.5,3.678,3.666,34,33,15.66,47.1
4872813,2015/4/23 16:51,34.8,330.5,-22.5,3.679,3.666,34,33,15.69,47.17
4276377,2015/4/24 12:00,34.8,330.3,-22.5,3.679,3.665,34,33,15.71,47.22
8366487,2015/4/24 16:50,34.8,330.5,-22.5,3.679,3.666,34,33,15.72,47.27
4483998,2015/4/27 16:50,34.8,330.5,-22.5,3.679,3.667,34,33,15.74,47.32
5603144,2015/4/28 14:19,34.8,330.5,-22.5,3.68,3.666,34,33,15.75,47.37
9501475,2015/4/29 13:16,34.8,330.5,-22.5,3.679,3.666,34,33,15.77,47.42
4513783,2015/4/29 17:10,34.8,330.5,-22.5,3.68,3.666,34,33,15.79,47.47
5582046,2015/4/30 13:31,34.8,330.5,-22.5,3.68,3.667,34,33,15.8,47.51
5098316,2015/5/4 11:54,34.8,330.5,-22.5,3.68,3.667,34,33,15.82,47.56
2169165,2015/5/5 12:48,34.8,330.5,-22.5,3.681,3.666,34,33,15.84,47.61
4186453,2015/5/6 12:54,35.2,330.5,-22.5,3.681,3.667,34,33,15.85,47.66
3235843,2015/5/7 12:59,35.2,330.5,-22.5,3.68,3.668,34,33,15.87,47.73
7316241,2015/5/7 16:08,35.2,330.7,-22.5,3.68,3.668,34,33,15.89,47.78
4137720,2015/5/8 11:59,35.2,330.5,-22.5,3.681,3.667,34,33,15.91,47.83
1833836,2015/5/8 17:03,35.2,330.7,-22.5,3.68,3.668,34,33,15.92,47.88
6061059,2015/5/13 13:02,35.2,330.7,-22.5,3.68,3.668,34,33,15.94,47.93
9218685,2015/5/14 12:32,35.2,330.7,-22.5,3.681,3.668,34,33,15.96,47.98
4008318,2015/5/14 18:10,35.2,330.7,-22.5,3.681,3.668,34,33,15.97,48.03
1390433,2015/5/15 16:14,35.2,330.7,-22.5,3.681,3.668,34,33,15.99,48.08
3634959,2015/5/18 12:49,35.2,330.7,-22.5,3.682,3.668,34,33,16.01,48.13
9245348,2015/5/18 18:18,35.2,330.7,-22.5,3.682,3.669,34,33,16.02,48.18
4800886,2015/5/26 12:29,35.6,330.7,-22.5,3.681,3.668,34,33,16.04,48.23
3316682,2015/5/27 12:47,35.6,330.7,-22.5,3.682,3.668,34,33,16.07,48.3
2726710,2015/5/27 17:33,35.6,330.8,-22.5,3.681,3.669,34,33,16.08,48.35
2549645,2015/5/28 13:44,35.6,330.7,-22.5,3.682,3.668,34,33,16.1,48.4
2232233,2015/5/28 17:17,35.6,330.8,-22.5,3.682,3.668,34,33,16.11,48.45
6121924,2015/5/29 12:42,35.6,330.7,-22.5,3.682,3.669,34,33,16.13,48.5
9672364,2015/6/1 12:36,35.6,330.7,-22.5,3.682,3.669,34,33,16.15,48.55
5414014,2015/6/2 16:55,35.6,330.8,-22.5,3.682,3.669,34,33,16.16,48.6
8241612,2015/6/2 20:18,35.6,330.8,-22.5,3.682,3.669,35,33,16.18,48.65
6856434,2015/6/3 12:50,35.6,330.8,-22.5,3.682,3.668,34,33,16.2,48.7
6617960,2015/6/22 11:52,36,330.8,-22.5,3.682,3.67,35,33,16.21,48.75
3493064,2015/6/22 16:23,36,330.8,-22.5,3.683,3.67,35,33,16.23,48.8
1420142,2015/6/23 11:59,36,330.8,-22.5,3.683,3.67,35,33,16.25,48.86
7232597,2015/6/24 16:10,36,330.8,-22.5,3.683,3.669,35,33,16.26,48.89
4031436,2015/6/25 12:02,36,330.8,-22.5,3.684,3.671,35,33,16.28,48.96
3890573,2015/7/6 12:16,36,330.8,-22.5,3.683,3.67,35,33,16.3,49.01
5957528,2015/7/7 10:53,36,330.8,-22.5,3.684,3.671,35,33,16.32,49.06
3610877,2015/7/9 12:18,36,330.8,-22.5,3.684,3.67,35,33,16.33,49.11
3148040,2015/7/10 11:59,36,330.8,-22.5,3.684,3.67,35,33,16.35,49.18
5129256,2015/7/10 19:00,36,330.8,-22.5,3.684,3.671,35,33,16.38,49.23
2025999,2015/7/13 13:10,36,331,-22.5,3.684,3.67,35,33,16.38,49.26
7326590,2015/7/14 12:43,36.4,330.8,-22.5,3.685,3.671,35,33,16.4,49.31
9545869,2015/7/15 12:40,36.4,331,-22.5,3.685,3.671,35,33,16.43,49.37
3022582,2015/7/15 18:24,36.4,331,-22.5,3.685,3.67,35,33,16.44,49.42
1651791,2015/7/16 13:24,36.4,331,-22.5,3.685,3.671,35,33,16.45,49.47
6848580,2015/7/21 12:42,36.4,331,-22.5,3.685,3.671,35,33,16.47,49.52
8780486,2015/7/22 16:57,36.4,331,-22.5,3.686,3.671,35,33,16.49,49.57
5918314,2015/7/23 12:01,36.4,331,-22.5,3.685,3.671,35,33,16.5,49.62
3300228,2015/7/23 19:28,36.4,331,-22.5,3.685,3.671,35,33,16.52,49.68
2028042,2015/7/24 11:44,36.4,331,-22.5,3.686,3.671,35,33,16.54,49.73
4345273,2015/7/24 16:06,36.4,331,-22.5,3.685,3.672,35,33,16.56,49.79
8822866,2015/8/13 15:58,36.8,331,-22.5,3.685,3.672,35,33,16.57,49.83
9034274,2015/8/14 12:55,36.8,331.1,-22.5,3.686,3.672,35,33,16.59,49.88
9407595,2015/8/14 16:37,36.8,331.1,-22.5,3.685,3.672,35,33,16.61,49.93
4656787,2015/8/17 13:37,36.8,331.1,-22.5,3.686,3.672,35,33,16.63,49.99
6543711,2015/8/18 11:09,36.8,331,-22.5,3.686,3.672,35,33,16.64,50.04
5346091,2015/8/19 16:43,36.8,331,-22.5,3.686,3.672,35,33,16.66,50.09
8612115,2015/8/27 13:16,36.8,331.1,-22.5,3.686,3.673,35,33,16.68,50.14
1022066,2015/8/28 11:39,36.8,331.1,-22.5,3.686,3.673,35,33,16.69,50.19
1359091,2015/8/31 12:24,36.8,331.1,-22.5,3.686,3.672,35,33,16.71,50.24
2863191,2015/8/31 16:05,36.8,331.1,-22.5,3.686,3.672,35,33,16.73,50.29
9623794,2015/9/1 12:37,36.8,331.1,-22.5,3.687,3.673,35,33,16.75,50.36
7367338,2015/9/2 12:40,37.2,331.1,-22.5,3.687,3.674,35,33,16.76,50.41
6732728,2015/9/3 16:05,37.2,331.1,-22.5,3.687,3.674,35,33,16.79,50.46
5275056,2015/9/4 11:12,37.2,331.1,-22.5,3.687,3.673,35,33,16.8,50.51
5098049,2015/9/4 15:35,37.2,331.1,-22.5,3.687,3.673,35,33,16.81,50.56
1759878,2015/9/4 18:06,37.2,331.3,-22.5,3.688,3.673,35,33,16.83,50.61
2721803,2015/9/8 12:25,37.2,331.3,-22.5,3.687,3.673,35,33,16.85,50.66
3796312,2015/9/10 13:28,37.2,331.3,-22.5,3.688,3.674,35,33,16.86,50.7
2561734,2015/9/10 15:48,37.2,331.1,-22.5,3.688,3.674,35,33,16.88,50.75
8362530,2015/9/11 12:52,37.2,331.3,-22.5,3.689,3.674,35,33,16.9,50.8
6965708,2015/9/11 13:26,37.2,331.3,-22.5,3.689,3.674,35,33,16.91,50.85
3817883,2015/9/18 11:05,37.2,331.3,-22.5,3.688,3.675,35,33,16.94,50.93
6547511,2015/9/22 12:19,37.6,331.3,-22.5,3.688,3.674,35,33,16.95,50.97
6172610,2015/9/22 15:59,37.6,331.3,-22.5,3.689,3.675,35,33,16.97,51.02
1816036,2015/9/23 18:48,37.6,331.3,-22.5,3.689,3.675,35,33,16.98,51.06
4223288,2015/9/24 12:57,37.6,331.3,-22.5,3.689,3.675,35,33,17,51.12
5953142,2015/9/24 16:04,37.6,331.3,-22.5,3.689,3.675,35,33,17.02,51.17
8068842,2015/9/25 12:35,37.6,331.4,-22.5,3.69,3.674,35,33,17.04,51.22
4973729,2015/9/25 16:22,37.6,331.4,-22.5,3.69,3.675,35,33,17.05,51.27
9644087,2015/9/28 12:49,37.6,331.3,-22.5,3.69,3.676,35,33,17.07,51.32
9771407,2015/9/28 16:55,37.6,331.4,-22.5,3.69,3.675,35,33,17.09,51.37
6564940,2015/9/29 12:55,37.6,331.4,-22.5,3.69,3.676,35,33,17.1,51.42
6668098,2015/9/30 12:34,38,331.4,-22.5,3.69,3.676,35,33,17.12,51.49
1551705,2015/10/1 12:56,38,331.4,-22.5,3.69,3.676,35,33,17.14,51.54
1261345,2015/10/2 18:17,38,331.4,-22.5,3.69,3.676,35,33,17.16,51.59
2580459,2015/8/24 17:27,38,331.4,-22.5,3.691,3.675,35,33,17.17,51.64
7739891,2015/8/25 17:12,38,331.4,-22.5,3.69,3.676,35,33,17.19,51.69
9900336,2015/8/28 18:12,38,331.4,-22.5,3.691,3.676,35,33,17.21,51.74
6444804,2015/8/31 17:01,38,331.4,-22.5,3.691,3.676,35,33,17.22,51.79
1644680,2015/9/1 17:01,38,331.6,-22.5,3.69,3.677,35,33,17.24,51.84
3075742,2015/9/2 16:52,38,331.6,-22.5,3.691,3.676,35,33,17.26,51.89
9757229,2015/9/8 16:58,38,331.4,-22.5,3.692,3.676,35,33,17.27,51.94
5882422,2015/9/9 17:47,38,331.6,-22.5,3.691,3.677,35,33,17.29,51.99
1041671,2015/9/10 17:57,38.4,331.6,-22.5,3.691,3.677,35,33,17.31,52.05
8270693,2015/9/14 18:02,38.4,331.6,-22.5,3.692,3.678,35,33,17.33,52.1
7742438,2015/9/16 17:24,38.4,331.6,-22.5,3.691,3.677,35,33,17.35,52.15
9583732,2015/9/17 17:40,38.4,331.6,-22.5,3.692,3.677,35,33,17.36,52.21
3135155,2015/9/18 18:30,38.4,331.6,-22.5,3.693,3.678,35,33,17.38,52.26
7302524,2015/9/21 19:36,38.4,331.6,-22.5,3.692,3.678,35,33,17.4,52.3
9470169,2015/9/23 18:38,38.4,331.6,-22.5,3.693,3.678,35,33,17.41,52.35
7422046,2015/9/24 17:57,38.4,331.6,-22.5,3.693,3.678,35,33,17.43,52.4
4127268,2015/9/28 17:05,38.4,331.6,-22.5,3.693,3.678,35,33,17.45,52.45
6364973,2015/9/29 18:35,38.4,331.7,-22.5,3.692,3.679,35,33,17.46,52.5
1126904,2015/9/30 20:10,38.8,331.7,-22.5,3.692,3.678,35,33,17.48,52.55
8814963,2015/10/1 16:39,38.8,331.6,-22.5,3.693,3.679,35,33,17.5,52.6
5902992,2015/3/12 16:56,38.8,331.7,-22.5,3.693,3.679,35,33,17.52,52.67
4835360,2015/3/13 12:32,38.8,331.7,-22.5,3.693,3.679,35,33,17.53,52.72
2575128,2015/3/16 18:05,38.8,331.7,-22.5,3.693,3.679,35,33,17.55,52.77
9140649,2015/3/17 18:24,38.8,331.7,-22.5,3.694,3.679,35,33,17.57,52.82
6123173,2015/3/23 18:05,38.8,331.7,-22.5,3.694,3.679,35,33,17.58,52.87
3992489,2015/3/24 19:09,38.8,331.7,-22.5,3.694,3.679,35,33,17.6,52.92
2687253,2015/3/26 17:12,38.8,331.7,-22.5,3.694,3.679,35,33,17.62,52.97
7333844,2015/3/27 18:42,38.8,331.7,-22.5,3.693,3.68,35,33,17.63,53.02
9889360,2015/3/30 18:17,38.8,331.7,-22.5,3.694,3.679,35,33,17.65,53.07
6219272,2015/3/31 17:56,39.2,331.7,-22.5,3.694,3.679,35,33,17.67,53.12
2376943,2015/4/1 15:55,39.2,331.9,-22.5,3.694,3.679,35,33,17.68,53.17
7029494,2015/4/6 17:57,39.2,331.7,-22.5,3.694,3.68,35,33,17.71,53.23
4781283,2015/4/7 17:16,39.2,331.9,-22.5,3.695,3.68,35,33,17.72,53.28
3154945,2015/4/8 17:28,39.2,331.9,-22.5,3.694,3.68,35,33,17.74,53.33
3621326,2015/4/13 17:07,39.2,331.9,-22.5,3.696,3.681,35,33,17.76,53.38
6501838,2015/4/16 18:36,39.2,331.9,-22.5,3.695,3.68,35,33,17.77,53.43
9895550,2015/4/20 17:33,39.2,331.9,-22.5,3.695,3.681,35,33,17.79,53.48
1675386,2015/4/21 17:18,39.2,331.9,-22.5,3.696,3.68,35,33,17.81,53.53
2300075,2015/4/23 17:31,39.2,331.9,-22.5,3.696,3.681,35,33,17.82,53.59
8786192,2015/4/24 14:30,39.2,331.9,-22.5,3.696,3.682,35,33,17.83,53.63
9507522,2015/4/27 16:37,39.6,331.9,-22.5,3.697,3.681,35,33,17.86,53.68
9133364,2015/4/28 17:19,39.6,332.1,-22.5,3.697,3.682,35,33,17.87,53.73
1480355,2015/4/29 16:42,39.6,332.1,-22.5,3.696,3.681,35,33,17.89,53.8
8603180,2015/5/4 18:13,39.6,332.1,-22.5,3.696,3.681,35,33,17.91,53.85
9800105,2015/5/5 14:34,39.6,332.1,-22.5,3.697,3.681,35,33,17.93,53.89
3042067,2015/5/7 18:13,39.6,332.1,-22.5,3.696,3.682,35,33,17.94,53.94
9321489,2015/5/8 17:08,39.6,332.1,-22.5,3.697,3.682,35,33,17.96,53.99
4558412,2015/5/11 19:38,39.6,332.1,-22.5,3.698,3.683,35,33,17.98,54.05
3684429,2015/5/13 17:43,39.6,332.1,-22.5,3.696,3.682,35,33,17.99,54.1
9125301,2015/5/14 17:55,39.6,332.2,-22.5,3.697,3.682,35,33,18.01,54.15
9958954,2015/5/15 17:54,40,332.1,-22.5,3.698,3.682,35,33,18.03,54.2
1074699,2015/5/20 18:57,40,332.1,-22.5,3.697,3.682,35,33,18.04,54.25
6294798,2015/5/21 17:28,40,332.1,-22.5,3.697,3.682,35,33,18.06,54.3
4109262,2015/5/26 17:00,40,332.1,-22.5,3.697,3.682,35,33,18.08,54.36
2671816,2015/6/1 13:48,40,332.2,-22.5,3.698,3.682,35,33,18.1,54.41
6367170,2015/6/2 17:04,40,332.2,-22.5,3.698,3.683,35,33,18.11,54.46
1255791,2015/6/3 12:51,40,332.2,-22.5,3.699,3.684,35,33,18.13,54.51
8889678,2015/6/4 18:52,40,332.2,-22.5,3.699,3.684,35,33,18.15,54.56
3985909,2015/6/8 17:03,40,332.2,-22.5,3.698,3.684,35,33,18.17,54.61
4285519,2015/6/10 14:31,40,332.2,-22.5,3.699,3.684,35,33,18.18,54.66
7542435,2015/6/12 13:23,40,332.2,-22.5,3.699,3.684,35,33,18.19,54.71
4506145,2015/6/15 16:31,40.4,332.2,-22.5,3.7,3.684,35,33,18.22,54.76
5569374,2015/6/16 16:40,40.4,332.4,-22.5,3.699,3.684,35,33,18.23,54.81
9585613,2015/6/17 16:40,40.4,332.2,-22.5,3.7,3.684,35,33,18.24,54.86
6230955,2015/6/18 16:33,40.4,332.4,-22.5,3.699,3.684,35,33,18.27,54.93
1375196,2015/6/19 18:29,40.4,332.4,-22.5,3.699,3.685,35,33,18.29,54.98
4110012,2015/6/22 13:35,40.4,332.4,-22.5,3.701,3.685,35,33,18.3,55.03
3502017,2015/6/23 16:28,40.4,332.4,-22.5,3.7,3.685,35,33,18.32,55.08
8700916,2015/6/24 17:28,40.4,332.4,-22.5,3.7,3.685,35,33,18.34,55.13
5946026,2015/7/7 16:21,40.4,332.4,-22.5,3.7,3.685,35,33,18.35,55.18
6524983,2015/7/9 15:11,40.4,332.4,-22.5,3.7,3.686,35,33,18.37,55.25
9090272,2015/7/10 14:07,40.8,332.4,-22.5,3.701,3.686,35,33,18.39,55.3
8062806,2015/7/10 18:43,40.8,332.4,-22.5,3.701,3.685,35,33,18.4,55.32
7275549,2015/7/13 17:24,40.8,332.4,-22.5,3.7,3.686,35,33,18.42,55.37
8346420,2015/7/14 18:21,40.8,332.4,-22.5,3.702,3.686,35,33,18.44,55.45
6978159,2015/7/14 18:22,40.8,332.4,-22.5,3.701,3.685,35,33,18.46,55.49
3697867,2015/7/14 18:24,40.8,332.4,-22.5,3.702,3.686,35,33,18.47,55.54
7809291,2015/7/14 19:05,40.8,332.5,-22.5,3.702,3.686,35,33,18.49,55.59
5452927,2015/7/15 17:11,40.8,332.5,-22.5,3.702,3.686,35,33,18.51,55.64
6994949,2015/7/16 17:14,40.8,332.5,-22.5,3.702,3.687,35,33,18.53,55.71
8465670,2015/7/17 16:43,40.8,332.5,-22.5,3.702,3.686,35,33,18.55,55.76
9714809,2015/7/20 17:58,40.8,332.5,-22.5,3.702,3.687,35,33,18.56,55.81
9149431,2015/7/21 16:21,41.2,332.5,-22.5,3.704,3.687,35,33,18.58,55.86
5978815,2015/7/22 17:14,41.2,332.7,-22.5,3.703,3.687,35,33,18.6,55.91
4124524,2015/7/23 18:43,41.2,332.5,-22.5,3.702,3.687,35,33,18.61,55.96
1404956,2015/7/24 17:43,41.2,332.7,-22.5,3.703,3.687,35,33,18.63,56.01
2238543,2015/7/27 17:47,41.2,332.7,-22.5,3.703,3.687,35,33,18.65,56.06
5038957,2015/7/29 16:12,41.2,332.5,-22.5,3.704,3.687,35,33,18.66,56.11
7066893,2015/7/30 17:31,41.2,332.7,-22.5,3.703,3.687,35,33,18.68,56.16
9207150,2015/7/31 16:40,41.2,332.7,-22.5,3.704,3.688,35,33,18.7,56.21
6251729,2015/8/3 16:08,41.2,332.7,-22.5,3.704,3.688,35,33,18.72,56.27
4899209,2015/8/4 17:11,41.2,332.7,-22.5,3.704,3.688,35,33,18.73,56.32
6621911,2015/8/5 17:30,41.6,332.7,-22.5,3.704,3.688,35,33,18.75,56.37
5637687,2015/8/7 12:25,41.6,332.7,-22.5,3.704,3.689,35,33,18.77,56.42
2107960,2015/8/7 17:09,41.6,332.8,-22.5,3.705,3.689,35,33,18.78,56.47
2533094,2015/8/10 17:13,41.6,332.7,-22.5,3.704,3.689,35,33,18.8,56.52
1560322,2015/8/11 17:22,41.6,332.7,-22.5,3.705,3.689,35,33,18.82,56.58
2733475,2015/8/12 16:03,41.6,332.8,-22.5,3.706,3.69,35,33,18.83,56.63
4267415,2015/8/14 18:22,41.6,332.7,-22.5,3.705,3.689,35,33,18.85,56.68
7933206,2015/8/17 17:55,41.6,332.8,-22.5,3.705,3.689,35,33,18.87,56.73
7335594,2015/8/18 16:59,41.6,332.8,-22.5,3.706,3.689,35,33,18.89,56.79
3967963,2015/8/19 13:21,41.6,332.8,-22.5,3.706,3.69,35,33,18.91,56.84
6415647,2015/8/25 17:39,41.6,332.8,-22.5,3.706,3.69,35,33,18.92,56.89
4671482,2015/8/26 14:50,42,332.8,-22.5,3.706,3.689,35,33,18.94,56.94
4611175,2015/8/27 16:05,42,332.8,-22.5,3.706,3.69,35,33,18.96,56.99
2791340,2015/8/28 11:38,42,333,-22.5,3.706,3.69,35,33,18.97,57.04
9997392,2015/8/28 17:13,42,332.8,-22.5,3.706,3.69,35,33,18.99,57.09
6909514,2015/9/1 19:50,42,333,-22.5,3.707,3.69,35,33,19.01,57.14
4995811,2015/9/2 18:05,42,332.8,-22.5,3.707,3.691,35,33,19.02,57.19
2688677,2015/9/3 17:55,42,333,-22.5,3.707,3.691,35,33,19.03,57.24
3212249,2015/9/8 20:27,42,333,-22.5,3.707,3.69,35,33,19.06,57.31
5672536,2015/9/9 17:49,42,333,-22.5,3.708,3.691,35,33,19.08,57.35
1212238,2015/9/10 17:29,42,333,-22.5,3.708,3.691,35,33,19.09,57.4
9815833,2015/9/11 16:46,42.4,333,-22.5,3.708,3.692,35,33,19.11,57.45
8133539,2015/9/14 19:16,42.4,333,-22.5,3.708,3.692,35,33,19.13,57.5
2387693,2015/9/15 17:32,42.4,333,-22.5,3.708,3.692,35,33,19.14,57.55
6471451,2015/9/16 18:21,42.4,333.2,-22.5,3.708,3.692,35,33,19.16,57.6
4490531,2015/9/23 15:50,42.4,333,-22.5,3.709,3.692,35,33,19.18,57.65
3277106,2015/9/25 17:12,42.4,333.2,-22.5,3.709,3.692,35,33,19.19,57.7
9129938,2015/9/29 16:57,42.4,333.2,-22.5,3.709,3.692,35,33,19.21,57.77
1336855,2015/10/1 16:27,42.4,333.2,-22.5,3.709,3.693,35,33,19.23,57.82
2676045,2015/10/1 20:03,42.4,333.2,-22.5,3.709,3.692,35,33,19.25,57.87
6025557,2015/1/15 17:49,42.4,333.2,-22.5,3.71,3.693,35,33,19.26,57.92
1718597,2015/1/16 17:26,42.4,333.2,-22.5,3.71,3.693,35,33,19.28,57.97
2031717,2015/1/20 13:08,42.8,333.2,-22.5,3.71,3.693,35,33,19.3,58.02
1690867,2015/2/25 14:46,42.8,333.3,-22.5,3.71,3.693,35,33,19.32,58.07
8858751,2015/3/6 13:04,42.8,333.2,-22.5,3.711,3.693,35,33,19.33,58.12
1658726,2015/3/13 16:54,42.8,333.3,-22.5,3.711,3.693,35,33,19.35,58.17
8528273,2015/3/25 12:24,42.8,333.3,-22.5,3.71,3.693,35,33,19.37,58.24
4579191,2015/4/1 16:26,42.8,333.3,-22.5,3.71,3.694,35,33,19.39,58.29
5700496,2015/4/6 12:19,42.8,333.3,-22.5,3.711,3.694,35,33,19.4,58.34
8667580,2015/4/8 12:12,42.8,333.3,-22.5,3.711,3.695,35,33,19.42,58.39
6724987,2015/4/9 12:08,42.8,333.3,-22.5,3.712,3.694,35,33,19.44,58.44
2173547,2015/4/10 12:15,42.8,333.3,-22.5,3.711,3.694,35,33,19.45,58.49
8775911,2015/4/15 18:22,42.8,333.3,-22.5,3.712,3.694,35,33,19.47,58.54
6807814,2015/4/16 17:09,43.2,333.5,-22.5,3.712,3.695,35,33,19.49,58.59
5825584,2015/4/17 12:02,43.2,333.5,-22.5,3.711,3.694,35,33,19.5,58.64
5829577,2015/4/22 16:35,43.2,333.5,-22.5,3.712,3.695,35,33,19.52,58.7
8285213,2015/4/23 12:41,43.2,333.5,-22.5,3.712,3.695,35,33,19.54,58.75
7416366,2015/4/23 17:41,43.2,333.5,-22.5,3.712,3.696,35,33,19.56,58.8
1750255,2015/4/24 16:11,43.2,333.5,-22.5,3.713,3.695,35,33,19.57,58.85
2414250,2015/4/27 12:31,43.2,333.6,-22.5,3.713,3.696,35,33,19.59,58.9
1357616,2015/4/29 12:20,43.2,333.5,-22.5,3.713,3.695,35,33,19.61,58.95
8245844,2015/4/29 18:04,43.2,333.5,-22.5,3.713,3.697,35,33,19.62,59
8617674,2015/5/4 16:48,43.2,333.6,-22.5,3.713,3.696,35,33,19.64,59.05
3200104,2015/5/6 17:13,43.6,333.5,-22.5,3.714,3.697,35,33,19.66,59.1
2700843,2015/5/7 18:27,43.6,333.6,-22.5,3.714,3.697,35,33,19.68,59.17
9373884,2015/5/8 16:36,43.6,333.6,-22.5,3.714,3.696,35,33,19.7,59.21
3117909,2015/5/11 12:05,43.6,333.6,-22.5,3.714,3.696,35,33,19.71,59.26
7233969,2015/5/13 12:05,43.6,333.6,-22.5,3.714,3.697,35,33,19.73,59.31
2872999,2015/5/14 12:21,43.6,333.6,-22.5,3.714,3.697,36,33,19.75,59.36
3588242,2015/5/18 17:03,43.6,333.6,-22.5,3.715,3.697,36,34,19.76,59.41
1601383,2015/5/20 17:15,43.6,333.6,-22.5,3.715,3.698,36,34,19.78,59.46
3735507,2015/5/21 12:15,43.6,333.8,-22.5,3.715,3.698,36,34,19.8,59.51
1407127,2015/5/21 17:52,43.6,333.6,-22.5,3.715,3.697,36,33,19.82,59.58
3059243,2015/5/26 16:38,43.6,333.6,-22.5,3.715,3.698,36,34,19.83,59.63
9618511,2015/5/27 12:13,44,333.8,-22.5,3.716,3.698,36,34,19.85,59.68
2972699,2015/5/28 10:57,44,333.8,-22.5,3.716,3.699,36,34,19.87,59.73
6062971,2015/5/29 12:11,44,333.8,-22.5,3.716,3.698,36,34,19.88,59.78
6851120,2015/6/1 14:20,44,333.8,-22.5,3.716,3.699,36,34,19.9,59.83
8386846,2015/6/4 12:08,44,333.8,-22.5,3.717,3.699,36,34,19.92,59.88
7132173,2015/6/4 16:43,44,333.8,-22.5,3.717,3.698,36,34,19.93,59.93
6439910,2015/6/5 11:27,44,333.8,-22.5,3.717,3.699,36,34,19.95,59.98
7457011,2015/6/8 12:13,44,333.8,-22.5,3.718,3.7,36,34,19.97,60.05
9527421,2015/6/10 12:12,44,333.9,-22.5,3.717,3.7,36,34,19.99,60.1
9896500,2015/6/11 12:21,44,333.9,-22.5,3.718,3.7,36,34,20.01,60.15
5989562,2015/6/12 12:08,44.4,333.9,-22.5,3.717,3.699,36,34,20.02,60.2
6884824,2015/6/12 16:07,44.4,333.9,-22.5,3.717,3.7,36,34,20.04,60.25
6023290,2015/6/15 14:52,44.4,333.9,-22.5,3.718,3.7,36,34,20.06,60.31
6423844,2015/6/18 16:56,44.4,333.9,-22.5,3.718,3.7,36,34,20.07,60.35
3857488,2015/6/19 11:58,44.4,333.9,-22.5,3.718,3.7,36,34,20.09,60.41
8743977,2015/6/24 18:24,44.4,334.1,-22.5,3.719,3.7,36,34,20.11,60.46
4279497,2015/6/25 12:08,44.4,333.9,-22.5,3.719,3.7,36,34,20.13,60.51
5045295,2015/7/6 11:55,44.4,334.1,-22.5,3.72,3.701,36,34,20.14,60.56
9880417,2015/7/9 16:38,44.4,334.1,-22.5,3.719,3.701,36,34,20.16,60.61
6805893,2015/7/10 12:04,44.4,334.1,-22.5,3.72,3.701,36,34,20.18,60.66
1110654,2015/7/13 17:23,44.4,334.1,-22.5,3.72,3.702,36,34,20.19,60.72
3233105,2015/7/15 16:27,44.8,334.1,-22.5,3.721,3.701,36,34,20.21,60.78
6226785,2015/7/16 12:07,44.8,334.1,-22.5,3.72,3.702,36,34,20.24,60.83
3832752,2015/7/20 12:06,44.8,334.1,-22.5,3.721,3.702,36,34,20.25,60.88
8334038,2015/7/22 12:04,44.8,334.1,-22.5,3.72,3.702,36,34,20.26,60.93
3545322,2015/7/23 16:49,44.8,334.2,-22.5,3.721,3.703,36,34,20.29,60.98
1843168,2015/7/24 16:30,44.8,334.2,-22.5,3.722,3.703,36,34,20.3,61.03
4142358,2015/7/27 16:44,44.8,334.2,-22.5,3.722,3.703,36,34,20.31,61.07
8557649,2015/7/29 17:19,44.8,334.2,-22.5,3.722,3.703,36,34,20.33,61.12
5451498,2015/8/5 12:08,44.8,334.2,-22.5,3.722,3.703,36,34,20.36,61.2
4250277,2015/8/5 17:30,44.8,334.2,-22.5,3.722,3.703,36,34,20.37,61.25
8769669,2015/8/6 18:00,45.2,334.2,-22.5,3.722,3.703,36,34,20.39,61.3
5967021,2015/8/7 16:44,45.2,334.2,-22.5,3.722,3.703,36,34,20.4,61.34
5204762,2015/8/10 19:03,45.2,334.4,-22.5,3.724,3.704,36,34,20.43,61.41
2917209,2015/8/12 18:00,45.2,334.4,-22.5,3.723,3.704,36,34,20.44,61.46
5394131,2015/8/13 12:00,45.2,334.4,-22.5,3.723,3.704,36,34,20.46,61.51
3787349,2015/8/13 17:02,45.2,334.4,-22.5,3.723,3.704,36,34,20.47,61.56
2748453,2015/8/14 16:17,45.2,334.4,-22.5,3.724,3.705,36,34,20.49,61.61
9797634,2015/8/17 16:36,45.2,334.4,-22.5,3.723,3.705,36,34,20.51,61.66
5531772,2015/8/19 11:57,45.2,334.4,-22.5,3.724,3.705,36,34,20.52,61.71
7785588,2015/8/21 15:44,45.2,334.6,-22.5,3.724,3.704,36,34,20.54,61.76
2369739,2015/8/24 17:46,45.6,334.6,-22.5,3.724,3.706,36,34,20.56,61.81
9713675,2015/8/26 17:56,45.6,334.6,-22.5,3.725,3.706,36,34,20.58,61.87
3373978,2015/8/27 16:03,45.6,334.6,-22.5,3.725,3.705,36,34,20.59,61.92
5478194,2015/8/28 12:17,45.6,334.6,-22.5,3.725,3.705,36,34,20.62,61.97
2623814,2015/8/31 11:56,45.6,334.6,-22.5,3.725,3.707,36,34,20.63,62.02
8410552,2015/9/1 19:16,45.6,334.6,-22.5,3.726,3.706,36,34,20.65,62.1
8571933,2015/9/2 16:37,45.6,334.6,-22.5,3.726,3.705,36,34,20.67,62.12
9439604,2015/9/4 12:12,45.6,334.6,-22.5,3.726,3.706,36,34,20.68,62.17
5330202,2015/9/9 12:09,45.6,334.7,-22.5,3.726,3.706,36,34,20.7,62.22
1256513,2015/9/10 16:41,45.6,334.7,-22.5,3.727,3.707,36,34,20.72,62.29
1759817,2015/9/16 17:18,45.6,334.7,-22.5,3.726,3.707,36,34,20.74,62.34
5268132,2015/9/18 16:45,46,334.7,-22.5,3.726,3.708,36,34,20.75,62.39
8298812,2015/9/21 12:05,46,334.7,-22.5,3.727,3.707,36,34,20.77,62.44
7893802,2015/9/23 16:48,46,334.7,-22.5,3.727,3.708,36,34,20.79,62.5
6344803,2015/9/25 15:38,46,334.9,-22.5,3.726,3.707,36,34,20.81,62.56
6841926,2015/9/28 11:58,46,334.7,-22.5,3.728,3.708,36,34,20.82,62.61
6675184,2015/9/28 16:22,46,334.7,-22.5,3.728,3.708,36,34,20.84,62.66
1619067,2015/9/30 16:34,46,334.9,-22.5,3.728,3.708,36,34,20.86,62.71
3139818,2015/10/1 16:20,46,334.9,-22.5,3.729,3.71,36,34,20.88,62.77
4154424,2015/10/1 18:36,46,334.9,-22.5,3.729,3.709,36,34,20.89,62.81
3561535,2015/10/2 16:33,46,334.9,-22.5,3.729,3.709,36,34,20.91,62.87
6913472,2015/1/27 16:24,46.4,334.9,-22.5,3.729,3.709,36,34,20.93,62.92
3307095,2015/1/29 18:25,46.4,334.9,-22.5,3.729,3.71,36,34,20.95,62.97
2857338,2015/2/6 17:07,46.4,334.9,-22.5,3.73,3.709,36,34,20.96,63.02
3142998,2015/2/13 15:07,46.4,335,-22.5,3.73,3.71,36,34,20.98,63.07
3917056,2015/2/16 16:10,46.4,334.9,-22.5,3.73,3.71,36,34,21,63.14
2179276,2015/2/17 16:44,46.4,335,-22.5,3.73,3.71,36,34,21.02,63.19
1708592,2015/2/19 17:52,46.4,334.9,-22.5,3.731,3.71,36,34,21.03,63.24
4095785,2015/3/6 17:08,46.4,335,-22.5,3.731,3.71,36,34,21.05,63.29
9509605,2015/3/13 12:06,46.4,335,-22.5,3.731,3.711,36,34,21.08,63.35
5444734,2015/4/16 17:12,46.4,335,-22.5,3.731,3.711,36,34,21.08,63.39
5044762,2015/5/11 18:11,46.8,335.2,-22.5,3.732,3.712,36,34,21.1,63.45
5298764,2015/7/24 10:08,46.8,335.2,-22.5,3.732,3.711,36,34,21.12,63.5
4626003,2015/7/27 10:08,46.8,335.2,-22.5,3.732,3.711,36,34,21.14,63.55
1694224,2015/7/28 10:02,46.8,335.2,-22.5,3.733,3.711,36,34,21.16,63.6
5709799,2015/7/29 10:01,46.8,335.2,-22.5,3.733,3.712,36,34,21.17,63.65
5725046,2015/7/30 9:43,46.8,335.2,-22.5,3.732,3.712,36,34,21.19,63.72
6264625,2015/8/4 10:04,46.8,335.2,-22.5,3.733,3.712,36,34,21.21,63.77
6186658,2015/8/17 10:09,46.8,335.3,-22.5,3.733,3.711,36,34,21.23,63.82
4354267,2015/8/18 10:02,46.8,335.2,-22.5,3.734,3.713,36,34,21.24,63.87
5217499,2015/8/19 10:14,46.8,335.3,-22.5,3.734,3.713,36,34,21.26,63.94
9654115,2015/8/20 10:13,46.8,335.3,-22.5,3.734,3.713,36,34,21.28,63.99
6308629,2015/8/21 11:29,47.2,335.3,-22.5,3.734,3.713,36,34,21.3,64.04
8330681,2015/8/24 10:04,47.2,335.3,-22.5,3.735,3.713,36,34,21.31,64.09
7237024,2015/8/25 10:29,47.2,335.3,-22.5,3.734,3.713,36,34,21.33,64.14
7768340,2015/8/26 10:37,47.2,335.5,-22.5,3.736,3.715,36,34,21.35,64.18999
2877984,2015/8/27 10:46,47.2,335.5,-22.5,3.736,3.714,36,34,21.36,64.24
1497996,2015/8/28 11:12,47.2,335.5,-22.5,3.736,3.714,36,34,21.39,64.3
3166684,2015/9/1 9:58,47.2,335.5,-22.5,3.737,3.715,36,34,21.41,64.35
6834846,2015/9/2 11:14,47.2,335.5,-22.5,3.736,3.714,36,34,21.43,64.42
4354197,2015/9/3 11:12,47.2,335.5,-22.5,3.736,3.714,36,34,21.44,64.47
5831697,2015/9/4 11:32,47.2,335.5,-22.5,3.737,3.715,36,34,21.46,64.52
3655295,2015/9/8 11:16,47.6,335.7,-22.5,3.737,3.715,36,34,21.48,64.57
9004691,2015/9/9 10:51,47.6,335.5,-22.5,3.737,3.716,36,34,21.49,64.62
1044216,2015/9/10 10:47,47.6,335.7,-22.5,3.738,3.715,36,34,21.51,64.67
9465843,2015/9/11 10:45,47.6,335.7,-22.5,3.738,3.716,36,34,21.53,64.72
2963572,2015/9/14 10:42,47.6,335.7,-22.5,3.738,3.716,36,34,21.55,64.78
9013018,2015/9/15 10:52,47.6,335.7,-22.5,3.739,3.716,36,34,21.56,64.83
1687523,2015/9/16 10:34,47.6,335.7,-22.5,3.738,3.716,36,34,21.58,64.88
5485294,2015/9/17 10:53,47.6,335.8,-22.5,3.739,3.716,36,34,21.6,64.95
1800903,2015/9/22 10:43,47.6,335.8,-22.5,3.74,3.716,36,34,21.62,65
8873445,2015/9/23 12:03,47.6,335.8,-22.5,3.74,3.717,36,34,21.64,65.05
6171272,2015/9/24 10:43,48,335.8,-22.5,3.74,3.718,36,34,21.65,65.1
8074367,2015/9/25 10:48,48,335.8,-22.5,3.74,3.717,36,34,21.67,65.16
9458057,2015/9/28 10:04,48,335.8,-22.5,3.741,3.718,36,34,21.69,65.21
4489591,2015/9/29 11:01,48,336,-22.5,3.741,3.718,36,34,21.71,65.26
3366302,2015/9/30 10:45,48,335.8,-22.5,3.74,3.718,36,34,21.72,65.32
4596442,2015/10/1 11:39,48,336,-22.5,3.742,3.718,36,34,21.74,65.37
7017207,2015/10/2 11:20,48,336,-22.5,3.742,3.719,36,34,21.76,65.42
9531439,2015/1/15 16:02,48,336,-22.5,3.742,3.719,36,34,21.78,65.48
4756166,2015/5/7 20:02,48,336,-22.5,3.742,3.719,36,34,21.79,65.53
2290411,2015/5/8 12:26,48,336.1,-22.5,3.742,3.719,36,34,21.82,65.58
1957117,2015/5/11 11:41,48.4,336,-22.5,3.743,3.719,36,34,21.84,65.65
8845048,2015/5/12 11:56,48.4,336.1,-22.5,3.744,3.719,36,34,21.85,65.7
6838969,2015/5/13 12:18,48.4,336.1,-22.5,3.743,3.72,36,34,21.87,65.75
1609567,2015/5/14 16:34,48.4,336.1,-22.5,3.743,3.721,36,34,21.89,65.8
2591573,2015/5/15 12:37,48.4,336.1,-22.5,3.744,3.72,36,34,21.9,65.85
3519738,2015/5/18 14:05,48.4,336.3,-22.5,3.744,3.72,36,34,21.92,65.91
8950369,2015/6/5 16:33,48.4,336.1,-22.5,3.745,3.721,36,34,21.94,65.95
8001601,2015/6/9 12:20,48.4,336.1,-22.5,3.744,3.721,36,34,21.96,66.01
7682158,2015/6/10 12:18,48.4,336.3,-22.5,3.745,3.721,36,34,21.97,66.06
8716416,2015/6/11 12:52,48.4,336.3,-22.5,3.745,3.722,36,34,22,66.13
2230641,2015/6/12 12:00,48.8,336.3,-22.5,3.746,3.722,36,34,22.01,66.18
4758378,2015/6/22 13:20,48.8,336.4,-22.5,3.746,3.722,36,34,22.03,66.23
1797414,2015/6/24 12:30,48.8,336.4,-22.5,3.747,3.722,36,34,22.05,66.28
2458241,2015/6/25 13:14,48.8,336.4,-22.5,3.747,3.723,36,34,22.07,66.35
8836643,2015/7/6 16:37,48.8,336.4,-22.5,3.747,3.723,36,34,22.08,66.39
4498101,2015/7/8 17:13,48.8,336.4,-22.5,3.747,3.723,36,34,22.1,66.43999
9043357,2015/7/13 15:37,48.8,336.4,-22.5,3.748,3.723,36,34,22.12,66.49
6920453,2015/7/15 12:26,48.8,336.6,-22.5,3.747,3.723,36,34,22.13,66.54
7063831,2015/7/16 12:21,48.8,336.6,-22.5,3.748,3.724,36,34,22.15,66.59
5142750,2015/7/17 12:16,48.8,336.6,-22.5,3.748,3.724,36,34,22.17,66.64
4248896,2015/7/20 12:54,48.8,336.6,-22.5,3.749,3.724,36,34,22.19,66.71
5029552,2015/7/21 12:05,49.2,336.6,-22.5,3.75,3.725,36,34,22.2,66.76
4151352,2015/7/22 12:21,49.2,336.6,-22.5,3.749,3.725,36,34,22.23,66.81
3643530,2015/7/24 12:13,49.2,336.6,-22.5,3.75,3.725,36,34,22.25,66.88
8043707,2015/7/28 16:27,49.2,336.8,-22.5,3.751,3.725,36,34,22.26,66.93
3487896,2015/7/29 12:18,49.2,336.8,-22.5,3.751,3.725,36,34,22.28,66.98
1148980,2015/7/29 17:52,49.2,336.8,-22.5,3.751,3.726,36,34,22.3,67.03
6799802,2015/7/30 12:19,49.2,336.9,-22.5,3.752,3.725,36,34,22.32,67.1
2500257,2015/7/31 12:49,49.2,336.9,-22.5,3.752,3.726,36,34,22.33,67.15
7771167,2015/8/3 12:09,49.2,336.9,-22.5,3.752,3.726,36,34,22.35,67.18999
9543932,2015/8/3 16:45,49.2,336.9,-22.5,3.753,3.727,36,34,22.37,67.24
9851741,2015/8/4 19:00,49.6,337.1,-22.5,3.752,3.727,36,34,22.38,67.29
4852971,2015/8/5 12:18,49.6,336.9,-22.5,3.753,3.727,36,34,22.41,67.36
6431779,2015/8/6 13:53,49.6,337.1,-22.5,3.753,3.727,36,34,22.42,67.41
7870286,2015/8/7 12:05,49.6,337.1,-22.5,3.754,3.728,36,34,22.44,67.46
3934620,2015/8/11 17:20,49.6,337.1,-22.5,3.755,3.728,36,34,22.46,67.51
6946940,2015/8/14 18:04,49.6,337.1,-22.5,3.755,3.728,36,34,22.48,67.58
2850132,2015/8/14 18:55,49.6,337.2,-22.5,3.756,3.729,36,34,22.49,67.63
1800956,2015/8/17 17:02,49.6,337.2,-22.5,3.756,3.728,36,34,22.51,67.68
5134843,2015/8/18 12:21,49.6,337.2,-22.5,3.755,3.729,36,34,22.53,67.72
1371649,2015/8/19 14:19,49.6,337.2,-22.5,3.756,3.729,36,34,22.55,67.79
2743739,2015/8/26 16:19,50,337.2,-22.5,3.756,3.729,36,34,22.56,67.82
9558899,2015/9/3 17:06,50,337.4,-22.5,3.757,3.73,36,34,22.59,67.9
4518580,2015/9/4 13:43,50,337.2,-22.5,3.757,3.729,36,34,22.6,67.95
5473938,2015/9/8 14:14,50,337.4,-22.5,3.758,3.729,36,34,22.62,68.01
8465242,2015/9/9 14:34,50,337.4,-22.5,3.758,3.73,36,34,22.64,68.06
5467486,2015/9/11 17:18,50,337.4,-22.5,3.758,3.731,36,34,22.66,68.11
3314093,2015/9/15 18:46,50,337.4,-22.5,3.759,3.731,36,34,22.67,68.16
2013313,2015/9/21 12:33,50,337.5,-22.5,3.759,3.731,36,34,22.69,68.21
3493741,2015/9/21 19:15,50,337.5,-22.5,3.759,3.732,36,34,22.71,68.28
2175508,2015/9/23 12:35,50,337.5,-22.5,3.76,3.732,36,34,22.73,68.33
9747169,2015/9/23 16:59,50.4,337.5,-22.5,3.76,3.733,36,34,22.74,68.38
3906854,2015/9/28 12:36,50.4,337.7,-22.5,3.76,3.733,36,34,22.76,68.43
3628825,2015/9/28 20:15,50.4,337.7,-22.5,3.761,3.733,36,34,22.77,68.48
6002878,2015/3/9 1:32,50.4,337.7,-22.5,3.761,3.733,36,34,22.8,68.54
3627380,2015/4/13 0:54,50.4,337.7,-22.5,3.761,3.733,36,34,22.82,68.59
2345110,2015/4/17 16:20,50.4,337.8,-22.5,3.762,3.733,36,34,22.84,68.66
8530317,2015/4/24 22:11,50.4,337.8,-22.5,3.762,3.734,36,34,22.85,68.71
2105829,2015/4/26 18:03,50.4,337.8,-22.5,3.763,3.733,36,34,22.87,68.76
3007055,2015/5/1 22:51,50.4,337.8,-22.5,3.763,3.735,36,34,22.89,68.81
5766631,2015/5/8 17:02,50.4,337.8,-22.5,3.764,3.734,36,34,22.91,68.87
7091950,2015/5/10 6:58,50.8,338,-22.5,3.764,3.735,36,34,22.92,68.92
9403374,2015/5/13 16:34,50.8,338,-22.5,3.764,3.735,36,34,22.94,68.97
3164433,2015/5/16 17:59,50.8,338,-22.5,3.765,3.735,36,34,22.96,69.02
5533528,2015/5/26 21:49,50.8,338,-22.5,3.765,3.736,36,34,22.97,69.07
9025610,2015/5/29 16:55,50.8,338,-22.5,3.766,3.735,36,34,23,69.14
8351543,2015/6/4 16:39,50.8,338.2,-22.5,3.766,3.737,36,34,23.02,69.18999
6373087,2015/6/6 5:42,50.8,338.2,-22.5,3.766,3.737,36,34,23.03,69.24
2237194,2015/6/9 0:29,50.8,338.2,-22.5,3.767,3.737,36,34,23.05,69.29
3241295,2015/6/11 16:05,50.8,338.2,-22.5,3.766,3.737,36,34,23.07,69.35
9443480,2015/7/5 3:47,50.8,338.2,-22.5,3.767,3.738,36,34,23.09,69.4
7014331,2015/7/5 21:12,51.2,338.3,-22.5,3.767,3.738,36,34,23.1,69.46
2985212,2015/7/7 16:49,51.2,338.3,-22.5,3.768,3.738,36,34,23.12,69.51
4519586,2015/7/10 16:46,51.2,338.3,-22.5,3.768,3.738,36,34,23.14,69.57
6746115,2015/7/11 4:42,51.2,338.5,-22.5,3.769,3.739,36,34,23.16,69.62
3945976,2015/7/14 11:56,51.2,338.5,-22.5,3.768,3.739,36,34,23.17,69.67
3384224,2015/7/16 17:25,51.2,338.5,-22.5,3.769,3.739,36,34,23.2,69.74
8987344,2015/7/20 19:00,51.2,338.5,-22.5,3.77,3.74,36,34,23.21,69.79
7280874,2015/7/21 13:37,51.2,338.6,-22.5,3.769,3.74,36,34,23.23,69.84
8920343,2015/7/27 4:31,51.2,338.6,-22.5,3.77,3.74,36,34,23.25,69.89
5658049,2015/7/29 18:08,51.2,338.6,-22.5,3.771,3.74,36,34,23.26,69.93999
8601621,2015/7/31 20:10,51.6,338.6,-22.5,3.771,3.741,36,34,23.28,69.99
3738844,2015/8/1 5:29,51.6,338.6,-22.5,3.772,3.741,36,34,23.3,70.05
5172247,2015/8/5 12:07,51.6,338.8,-22.5,3.771,3.742,36,34,23.32,70.1
6410992,2015/8/9 4:49,51.6,338.8,-22.5,3.772,3.742,36,34,23.33,70.15
3798253,2015/8/12 19:35,51.6,338.8,-22.5,3.773,3.743,36,34,23.35,70.2
4718933,2015/8/14 17:11,51.6,338.8,-22.5,3.773,3.742,36,34,23.38,70.27
5991072,2015/8/15 23:43,51.6,338.8,-22.5,3.774,3.743,36,34,23.39,70.32
1282283,2015/8/20 12:52,51.6,338.8,-22.5,3.774,3.743,36,34,23.4,70.37
5533488,2015/8/21 20:28,51.6,338.9,-22.5,3.774,3.744,36,34,23.42,70.42
2124425,2015/8/23 1:48,51.6,338.9,-22.5,3.774,3.743,36,34,23.44,70.47
9130727,2015/8/25 12:25,52,338.9,-22.5,3.775,3.744,36,34,23.46,70.53
6900922,2015/8/28 20:48,52,339.1,-22.5,3.776,3.744,36,34,23.48,70.58
8020746,2015/8/30 3:44,52,339.1,-22.5,3.775,3.745,36,34,23.49,70.63
5240328,2015/9/2 0:47,52,339.1,-22.5,3.776,3.745,36,34,23.51,70.68
2682332,2015/9/2 13:43,52,339.1,-22.5,3.776,3.745,36,34,23.53,70.73
9676846,2015/9/4 20:45,52,339.1,-22.5,3.776,3.746,36,34,23.55,70.8
2473111,2015/9/9 13:59,52,339.3,-22.5,3.777,3.747,36,34,23.56,70.85
1188651,2015/9/11 20:42,52,339.3,-22.5,3.777,3.747,36,34,23.58,70.9
7635846,2015/9/12 16:41,52,339.3,-22.5,3.778,3.747,36,34,23.61,70.96
7088986,2015/9/15 13:33,52,339.3,-22.5,3.778,3.747,36,34,23.62,71.01
3818216,2015/9/18 21:18,52,339.3,-22.5,3.779,3.747,36,34,23.63,71.07
7302059,2015/9/20 4:24,52.4,339.4,-22.5,3.78,3.749,36,34,23.66,71.12
4502998,2015/9/23 16:05,52.4,339.4,-22.5,3.779,3.749,36,34,23.67,71.17
1785859,2015/9/25 17:49,52.4,339.4,-22.5,3.78,3.749,36,34,23.69,71.22
4254473,2015/9/27 1:27,52.4,339.4,-22.5,3.78,3.749,36,34,23.71,71.28
4473237,2015/9/30 16:52,52.4,339.6,-22.5,3.781,3.751,36,34,23.73,71.33
4926737,2015/10/3 7:18,52.4,339.6,-22.5,3.781,3.75,36,34,23.74,71.38
5523637,2015/1/28 20:05,52.4,339.6,-22.5,3.781,3.751,36,34,23.76,71.43
3652619,2015/6/3 22:10,52.4,339.6,-22.5,3.782,3.751,36,34,23.78,71.48
7558702,2015/8/5 16:28,52.4,339.6,-22.5,3.782,3.751,36,34,23.8,71.55
6757331,2015/9/2 17:34,52.4,339.7,-22.5,3.782,3.751,36,34,23.81,71.6
7097415,2015/9/10 14:09,52.8,339.7,-22.5,3.782,3.752,36,34,23.83,71.65
5652471,2015/9/11 18:46,52.8,339.7,-22.5,3.783,3.752,36,34,23.85,71.7
8716731,2015/9/28 17:28,52.8,339.7,-22.5,3.784,3.753,36,34,23.87,71.76
3391396,2015/9/29 13:49,52.8,339.7,-22.5,3.783,3.754,36,34,23.89,71.81
3679640,2015/9/29 17:09,52.8,339.9,-22.5,3.784,3.753,36,34,23.9,71.86
4496022,2015/9/30 13:26,52.8,339.9,-22.5,3.784,3.753,36,34,23.92,71.91
9979636,2015/10/1 16:14,52.8,339.9,-22.5,3.784,3.754,36,34,23.94,71.96
7654906,2015/10/1 16:53,52.8,339.9,-22.5,3.785,3.754,36,34,23.96,72.03
4563263,2015/1/27 17:06,52.8,339.9,-22.5,3.785,3.754,36,34,23.97,72.08
6423366,2015/1/29 16:47,52.8,339.9,-22.5,3.785,3.755,36,34,23.99,72.13
4309791,2015/2/12 12:41,53.2,339.9,-22.5,3.785,3.756,36,34,24.02,72.2
2953411,2015/2/16 20:52,53.2,340,-22.5,3.786,3.757,36,34,24.03,72.24
7377023,2015/2/17 18:16,53.2,340,-22.5,3.786,3.756,36,34,24.04,72.29
7575781,2015/3/4 19:33,53.2,340,-22.5,3.787,3.757,37,34,24.07,72.34
5990347,2015/3/9 11:48,53.2,340.2,-22.5,3.787,3.757,36,34,24.08,72.39
8423405,2015/3/10 16:08,53.2,340,-22.5,3.787,3.758,36,34,24.09,72.45
8629284,2015/3/13 17:00,53.2,340.2,-22.5,3.787,3.758,37,34,24.12,72.51
5091921,2015/4/2 15:48,53.2,340.2,-22.5,3.788,3.758,36,34,24.14,72.56
1370205,2015/4/17 15:37,53.2,340.3,-22.5,3.788,3.758,37,34,24.15,72.61
4324972,2015/5/11 15:30,53.2,340.2,-22.5,3.788,3.759,37,34,24.17,72.66
8494503,2015/5/21 15:52,53.6,340.3,-22.5,3.788,3.76,37,34,24.19,72.73
2988470,2015/5/27 17:00,53.6,340.3,-22.5,3.789,3.76,37,34,24.21,72.78
6167497,2015/6/12 15:40,53.6,340.3,-22.5,3.789,3.76,37,34,24.22,72.83
9144008,2015/7/20 18:26,53.6,340.3,-22.5,3.79,3.76,37,34,24.24,72.88
1259418,2015/7/24 15:49,53.6,340.3,-22.5,3.791,3.762,37,34,24.26,72.93
5650127,2015/8/27 15:52,53.6,340.3,-22.5,3.791,3.762,37,34,24.27,72.98
4452828,2015/9/23 18:39,53.6,340.5,-22.5,3.79,3.762,37,34,24.3,73.04
5961736,2015/2/13 18:22,53.6,340.5,-22.5,3.791,3.762,37,34,24.31,73.09
5462506,2015/2/18 18:28,53.6,340.5,-22.5,3.791,3.762,37,34,24.33,73.14
2839306,2015/2/23 14:45,53.6,340.5,-22.5,3.792,3.762,37,34,24.35,73.18999
5229883,2015/2/24 19:48,54,340.5,-22.5,3.791,3.763,37,34,24.36,73.24
8441796,2015/3/3 18:43,54,340.7,-22.5,3.792,3.764,37,34,24.38,73.29
1667840,2015/3/4 14:48,54,340.7,-22.5,3.793,3.764,37,34,24.4,73.36
9241199,2015/3/6 19:46,54,340.7,-22.5,3.793,3.764,37,34,24.42,73.41
1176746,2015/3/9 12:43,54,340.7,-22.5,3.794,3.765,37,34,24.43,73.46
5598631,2015/3/10 12:17,54,340.8,-22.5,3.794,3.766,37,34,24.45,73.51
3789801,2015/3/11 17:25,54,340.8,-22.5,3.793,3.766,37,34,24.48,73.57
9604154,2015/3/13 17:36,54,340.8,-22.5,3.794,3.766,37,34,24.49,73.62
8055607,2015/3/16 17:54,54,340.8,-22.5,3.795,3.767,37,34,24.5,73.67
6401143,2015/3/17 17:36,54,340.8,-22.5,3.795,3.767,37,34,24.53,73.72
4994078,2015/3/18 19:57,54,340.8,-22.5,3.795,3.767,37,34,24.54,73.77
9893223,2015/3/19 17:22,54.4,341,-22.5,3.795,3.767,37,34,24.55,73.83
7373911,2015/3/20 13:50,54.4,341,-22.5,3.795,3.767,37,34,24.58,73.89
4192050,2015/3/23 17:38,54.4,341,-22.5,3.797,3.768,37,34,24.6,73.93999
2738120,2015/3/24 18:55,54.4,341,-22.5,3.797,3.769,37,34,24.61,73.99
6453245,2015/3/25 13:31,54.4,341.1,-22.5,3.797,3.768,37,34,24.63,74.06
3527730,2015/3/26 15:12,54.4,341.1,-22.5,3.796,3.769,37,34,24.65,74.11
2259811,2015/3/27 14:26,54.4,341,-22.5,3.798,3.769,37,34,24.67,74.16
6101489,2015/3/30 18:39,54.4,341.1,-22.5,3.798,3.77,37,34,24.68,74.21
4707040,2015/3/31 15:05,54.4,341.1,-22.5,3.798,3.77,37,34,24.7,74.26
4618400,2015/4/1 17:24,54.4,341.1,-22.5,3.798,3.771,37,34,24.71,74.31
9468478,2015/4/2 17:18,54.8,341.1,-22.5,3.799,3.77,37,34,24.73,74.36
7041650,2015/4/6 18:29,54.8,341.1,-22.5,3.799,3.771,37,34,24.75,74.41
1937148,2015/4/8 17:08,54.8,341.3,-22.5,3.799,3.771,37,34,24.77,74.47
3773618,2015/4/10 18:20,54.8,341.1,-22.5,3.799,3.772,37,34,24.78,74.52
1525152,2015/4/13 13:11,54.8,341.3,-22.5,3.8,3.772,37,34,24.81,74.57
8342268,2015/4/14 17:49,54.8,341.3,-22.5,3.801,3.773,37,34,24.83,74.64
1702308,2015/4/15 19:04,54.8,341.3,-22.5,3.801,3.773,37,34,24.84,74.68999
8119987,2015/4/16 14:02,54.8,341.3,-22.5,3.801,3.774,37,34,24.86,74.74
3338989,2015/4/17 14:13,54.8,341.4,-22.5,3.801,3.774,37,34,24.88,74.79
5018261,2015/4/20 14:45,54.8,341.4,-22.5,3.802,3.774,37,34,24.89,74.84
8707001,2015/4/21 18:13,55.2,341.4,-22.5,3.802,3.774,37,34,24.91,74.89
9015332,2015/4/22 18:33,55.2,341.4,-22.5,3.802,3.775,37,34,24.93,74.93999
3828686,2015/4/23 14:03,55.2,341.6,-22.5,3.802,3.775,37,34,24.94,74.99
3486658,2015/4/24 14:04,55.2,341.4,-22.5,3.804,3.775,37,34,24.96,75.05
1560394,2015/4/27 12:50,55.2,341.6,-22.5,3.803,3.775,37,34,24.98,75.1
9260427,2015/4/29 14:02,55.2,341.6,-22.5,3.804,3.776,37,34,25,75.15
3388567,2015/4/30 14:00,55.2,341.6,-22.5,3.804,3.776,37,34,25.01,75.21
7147543,2015/5/1 18:14,55.2,341.6,-22.5,3.804,3.777,37,34,25.04,75.27
6547779,2015/5/4 17:30,55.2,341.8,-22.5,3.805,3.776,37,34,25.05,75.32
4732543,2015/5/5 13:50,55.2,341.8,-22.5,3.805,3.778,37,34,25.07,75.37
2476938,2015/5/6 17:46,55.2,341.8,-22.5,3.805,3.777,37,34,25.09,75.42
3049748,2015/5/8 18:06,55.6,341.8,-22.5,3.805,3.779,37,34,25.1,75.47
8882531,2015/5/11 16:52,55.6,341.8,-22.5,3.806,3.779,37,34,25.12,75.52
7169642,2015/5/12 12:39,55.6,341.8,-22.5,3.806,3.778,37,34,25.14,75.57
1882785,2015/5/13 18:54,55.6,341.8,-22.5,3.806,3.779,37,34,25.15,75.62
1522034,2015/5/14 13:55,55.6,341.9,-22.5,3.807,3.78,37,34,25.17,75.68999
5592430,2015/5/15 19:53,55.6,341.9,-22.5,3.807,3.781,37,34,25.19,75.74
9647623,2015/5/19 19:28,55.6,342.1,-22.5,3.807,3.781,37,34,25.21,75.79
4722553,2015/5/20 14:38,55.6,342.1,-22.5,3.807,3.781,37,34,25.22,75.84
5335618,2015/5/21 18:41,55.6,342.1,-22.5,3.808,3.781,37,34,25.24,75.89
1931708,2015/5/26 21:08,55.6,342.1,-22.5,3.808,3.781,37,34,25.27,75.95
8093393,2015/5/29 17:53,56,342.1,-22.5,3.809,3.781,37,34,25.28,76
1771257,2015/6/1 13:08,56,342.1,-22.5,3.808,3.781,37,34,25.29,76.04
8835732,2015/6/2 13:15,56,342.1,-22.5,3.809,3.782,37,34,25.32,76.1
8722416,2015/6/3 15:01,56,342.2,-22.5,3.809,3.783,37,34,25.33,76.15
9823595,2015/6/5 13:25,56,342.2,-22.5,3.81,3.783,37,34,25.35,76.2
9500005,2015/6/8 18:47,56,342.2,-22.5,3.81,3.783,37,34,25.36,76.25
9546064,2015/6/15 14:45,56,342.2,-22.5,3.81,3.783,37,34,25.39,76.32
3652743,2015/6/17 18:50,56,342.2,-22.5,3.81,3.784,37,34,25.4,76.37
7674161,2015/6/19 18:13,56,342.2,-22.5,3.811,3.784,37,34,25.42,76.42
4807955,2015/6/22 15:32,56,342.4,-22.5,3.811,3.784,37,34,25.43,76.47
5801353,2015/6/23 14:21,56.4,342.4,-22.5,3.812,3.785,37,34,25.45,76.52
3608695,2015/6/24 18:19,56.4,342.4,-22.5,3.812,3.785,37,34,25.47,76.57
2422173,2015/6/25 20:06,56.4,342.4,-22.5,3.812,3.785,37,34,25.48,76.62
8563849,2015/6/26 18:45,56.4,342.4,-22.5,3.812,3.786,37,34,25.5,76.67
8906924,2015/6/29 13:22,56.4,342.5,-22.5,3.813,3.786,37,34,25.52,76.72
9837972,2015/6/30 19:13,56.4,342.5,-22.5,3.813,3.787,37,34,25.53,76.75999
4260658,2015/7/1 13:20,56.4,342.5,-22.5,3.814,3.787,37,34,25.55,76.82
2902581,2015/7/7 14:27,56.4,342.5,-22.5,3.814,3.787,37,34,25.58,76.89
8196613,2015/7/8 13:45,56.4,342.7,-22.5,3.815,3.788,37,34,25.59,76.93999
4900387,2015/7/10 19:15,56.4,342.7,-22.5,3.814,3.787,37,34,25.6,76.99
7890093,2015/7/13 18:54,56.4,342.7,-22.5,3.816,3.788,37,34,25.63,77.03
7498622,2015/7/14 18:04,56.8,342.7,-22.5,3.815,3.788,37,35,25.64,77.08
7737051,2015/7/15 19:44,56.8,342.7,-22.5,3.816,3.788,37,34,25.66,77.15
7906023,2015/7/16 20:37,56.8,342.7,-22.5,3.816,3.789,37,35,25.68,77.2
7167026,2015/7/17 18:45,56.8,342.8,-22.5,3.816,3.789,37,35,25.7,77.25
6606545,2015/7/24 13:09,56.8,342.7,-22.5,3.816,3.789,37,34,25.7,77.28
3827046,2015/7/27 20:24,56.8,342.8,-22.5,3.817,3.79,37,35,25.73,77.35
2681193,2015/7/29 13:19,56.8,342.8,-22.5,3.817,3.79,37,35,25.75,77.4
7664535,2015/7/30 16:08,56.8,343,-22.5,3.818,3.79,37,35,25.76,77.45
9564438,2015/8/3 13:14,56.8,342.8,-22.5,3.818,3.791,37,35,25.78,77.5
6416495,2015/8/4 13:13,56.8,343,-22.5,3.819,3.791,37,35,25.79,77.55
8480427,2015/8/5 13:25,57.2,343,-22.5,3.819,3.791,37,35,25.81,77.6
6260147,2015/8/6 18:53,57.2,343,-22.5,3.819,3.792,37,34,25.83,77.65
9538898,2015/8/7 13:34,57.2,343,-22.5,3.819,3.792,37,35,25.85,77.71
2721339,2015/8/10 12:51,57.2,343,-22.5,3.82,3.792,37,35,25.86,77.75999
3387884,2015/8/11 13:08,57.2,343,-22.5,3.82,3.792,37,35,25.88,77.81
2372033,2015/8/12 18:05,57.2,343.2,-22.5,3.82,3.793,37,35,25.9,77.86
3004619,2015/8/13 17:23,57.2,343.2,-22.5,3.82,3.793,37,35,25.91,77.91
7999768,2015/8/14 18:23,57.2,343.2,-22.5,3.821,3.794,37,35,25.93,77.97
6823776,2015/8/17 19:08,57.2,343.2,-22.5,3.822,3.794,37,35,25.95,78.02
3040466,2015/8/18 18:47,57.2,343.3,-22.5,3.822,3.794,37,35,25.96,78.07
8286505,2015/8/19 17:24,57.2,343.3,-22.5,3.822,3.794,37,35,25.99,78.12
1475991,2015/8/20 17:23,57.6,343.3,-22.5,3.822,3.794,37,35,26,78.17
9671426,2015/8/24 12:59,57.6,343.3,-22.5,3.823,3.795,37,35,26.01,78.22
1854047,2015/8/25 17:24,57.6,343.3,-22.5,3.823,3.796,37,35,26.04,78.28
5002136,2015/8/26 15:58,57.6,343.5,-22.5,3.823,3.796,37,35,26.06,78.33
5871364,2015/8/27 16:51,57.6,343.5,-22.5,3.823,3.797,37,35,26.07,78.38
3850578,2015/9/2 13:21,57.6,343.5,-22.5,3.823,3.797,37,35,26.09,78.43
4830155,2015/9/3 13:33,57.6,343.5,-22.5,3.824,3.798,37,35,26.11,78.48
1977323,2015/9/3 17:30,57.6,343.5,-22.5,3.824,3.797,37,35,26.12,78.53
7417804,2015/9/4 13:36,57.6,343.5,-22.5,3.825,3.797,37,35,26.14,78.58
8814597,2015/9/8 18:36,57.6,343.6,-22.5,3.825,3.798,37,35,26.15,78.63
4369384,2015/9/14 13:15,57.6,343.6,-22.5,3.826,3.798,37,35,26.17,78.68
8343957,2015/9/17 17:07,58,343.6,-22.5,3.826,3.799,37,35,26.19,78.73
8360802,2015/9/18 17:33,58,343.6,-22.5,3.826,3.799,37,35,26.2,78.78
8817335,2015/9/21 16:51,58,343.8,-22.5,3.827,3.799,37,35,26.22,78.83
7044425,2015/9/22 19:34,58,343.6,-22.5,3.827,3.8,37,35,26.24,78.88
5320147,2015/9/23 13:14,58,343.8,-22.5,3.827,3.8,37,35,26.25,78.93
2586169,2015/9/24 13:59,58,343.8,-22.5,3.828,3.8,37,35,26.27,78.98
9636248,2015/9/25 17:50,58,343.9,-22.5,3.828,3.8,37,35,26.29,79.04
4309323,2015/9/28 18:09,58,343.9,-22.5,3.828,3.8,37,35,26.31,79.09
2545770,2015/9/30 16:56,58,343.9,-22.5,3.829,3.802,37,35,26.32,79.13
8187948,2015/10/1 16:43,58,343.9,-22.5,3.83,3.801,37,35,26.34,79.18999
2881139,2015/2/12 14:27,58.4,343.9,-22.5,3.83,3.802,37,35,26.36,79.24
1127982,2015/2/26 19:11,58.4,343.9,-22.5,3.83,3.802,37,35,26.37,79.29
8636708,2015/3/3 14:17,58.4,343.9,-22.5,3.83,3.802,37,35,26.39,79.35
4531024,2015/3/5 15:29,58.4,343.9,-22.5,3.831,3.803,37,35,26.41,79.4
9045803,2015/3/10 18:15,58.4,344.1,-22.5,3.83,3.803,37,35,26.42,79.45
8027734,2015/3/12 15:14,58.4,344.1,-22.5,3.831,3.803,37,35,26.45,79.5
2135455,2015/3/16 17:56,58.4,344.1,-22.5,3.831,3.803,37,35,26.46,79.55
2741644,2015/3/17 17:03,58.4,344.3,-22.5,3.832,3.804,37,35,26.47,79.6
7756218,2015/3/19 17:36,58.4,344.3,-22.5,3.832,3.804,37,35,26.49,79.65
5405093,2015/3/24 13:29,58.4,344.3,-22.5,3.832,3.805,37,35,26.51,79.68999
6720566,2015/3/26 15:24,58.4,344.3,-22.5,3.833,3.805,37,35,26.53,79.75999
7652184,2015/3/30 15:23,58.8,344.3,-22.5,3.833,3.805,37,35,26.55,79.81
8017375,2015/3/31 12:20,58.8,344.3,-22.5,3.834,3.806,37,35,26.56,79.86
2451756,2015/4/2 12:33,58.8,344.4,-22.5,3.834,3.806,37,35,26.58,79.91
4009354,2015/4/6 16:48,58.8,344.4,-22.5,3.834,3.807,37,35,26.6,79.96
1244138,2015/4/8 12:21,58.8,344.4,-22.5,3.834,3.806,37,35,26.61,80.00999
7552641,2015/4/8 16:54,58.8,344.4,-22.5,3.835,3.808,37,35,26.63,80.06
8486519,2015/4/9 17:21,58.8,344.4,-22.5,3.835,3.808,37,35,26.65,80.11
4261741,2015/4/13 15:15,58.8,344.6,-22.5,3.835,3.808,37,35,26.66,80.16
4865891,2015/4/16 16:26,58.8,344.6,-22.5,3.837,3.808,37,35,26.68,80.21
5236625,2015/4/20 17:16,58.8,344.6,-22.5,3.836,3.809,37,35,26.7,80.25999
7008534,2015/4/21 17:28,58.8,344.6,-22.5,3.837,3.809,37,35,26.72,80.32
3195409,2015/4/23 13:12,59.2,344.6,-22.5,3.837,3.809,37,35,26.73,80.36
9039394,2015/4/28 12:32,59.2,344.7,-22.5,3.837,3.809,37,35,26.75,80.41
1061971,2015/4/30 16:11,59.2,344.7,-22.5,3.838,3.809,37,35,26.76,80.46
8374888,2015/5/4 16:18,59.2,344.7,-22.5,3.838,3.811,37,35,26.78,80.50999
2899724,2015/5/7 18:15,59.2,344.9,-22.5,3.838,3.81,37,35,26.8,80.57
8237414,2015/5/11 15:45,59.2,344.7,-22.5,3.838,3.811,37,35,26.82,80.62
6104577,2015/5/12 17:50,59.2,344.9,-22.5,3.839,3.812,37,35,26.83,80.67
4652369,2015/5/14 16:12,59.2,344.9,-22.5,3.839,3.812,37,35,26.85,80.73
4171512,2015/5/18 16:55,59.2,344.9,-22.5,3.839,3.812,37,35,26.87,80.78
7594385,2015/5/19 16:26,59.2,344.9,-22.5,3.84,3.812,37,35,26.88,80.83
2084052,2015/5/26 17:06,59.6,345,-22.5,3.84,3.812,37,35,26.9,80.88
5785900,2015/5/28 12:57,59.6,345,-22.5,3.841,3.813,37,35,26.92,80.93
1248028,2015/6/4 12:26,59.6,345,-22.5,3.842,3.813,37,35,26.93,80.98
5776993,2015/6/8 16:53,59.6,345,-22.5,3.841,3.814,37,35,26.95,81.02
1662146,2015/6/9 12:32,59.6,345.2,-22.5,3.841,3.813,37,35,26.97,81.07
2289759,2015/6/10 16:25,59.6,345.2,-22.5,3.842,3.815,37,35,26.98,81.12
3599020,2015/6/15 17:04,59.6,345.2,-22.5,3.842,3.815,37,35,27,81.17
6557477,2015/6/16 13:32,59.6,345.2,-22.5,3.843,3.815,37,35,27.02,81.22
9170913,2015/6/18 13:20,59.6,345.2,-22.5,3.843,3.816,37,35,27.03,81.27
8906365,2015/6/22 17:12,59.6,345.2,-22.5,3.843,3.816,37,35,27.05,81.32
7738282,2015/6/23 12:44,59.6,345.3,-22.5,3.845,3.816,37,35,27.06,81.37
8196621,2015/7/13 16:41,60,345.3,-22.5,3.845,3.817,37,35,27.08,81.42
8934200,2015/7/14 12:38,60,345.3,-22.5,3.845,3.817,37,35,27.11,81.49
2594233,2015/7/16 16:17,60,345.3,-22.5,3.845,3.817,37,35,27.12,81.54
3659295,2015/7/20 16:40,60,345.3,-22.5,3.845,3.817,37,35,27.14,81.57
9719233,2015/7/21 18:58,60,345.5,-22.5,3.845,3.818,37,35,27.16,81.64
3522299,2015/7/23 12:23,60,345.5,-22.5,3.846,3.818,37,35,27.17,81.68999
6192795,2015/7/27 17:20,60,345.5,-22.5,3.846,3.819,37,35,27.19,81.74
4694396,2015/7/28 17:38,60,345.5,-22.5,3.848,3.819,37,35,27.21,81.79
5360796,2015/7/30 12:49,60,345.7,-22.5,3.847,3.82,37,35,27.22,81.84
2277153,2015/8/3 17:04,60,345.7,-22.5,3.847,3.82,37,35,27.24,81.89
5897782,2015/8/4 12:19,60,345.7,-22.5,3.847,3.82,37,35,27.26,81.93999
9432034,2015/8/6 12:29,60.4,345.7,-22.5,3.848,3.82,37,35,27.27,81.99
5619831,2015/8/10 17:44,60.4,345.7,-22.5,3.848,3.82,37,35,27.29,82.04
3009393,2015/8/11 12:23,60.4,345.8,-22.5,3.849,3.821,37,35,27.31,82.11
2980515,2015/8/13 18:19,60.4,345.8,-22.5,3.849,3.821,37,35,27.33,82.16
2987123,2015/8/17 16:35,60.4,345.8,-22.5,3.849,3.822,37,35,27.34,82.18
9317454,2015/8/18 12:28,60.4,345.8,-22.5,3.85,3.821,37,35,27.35,82.23
3012272,2015/8/20 18:42,60.4,345.8,-22.5,3.85,3.822,37,35,27.37,82.28
1868054,2015/8/24 17:05,60.4,345.8,-22.5,3.85,3.823,37,35,27.39,82.34
8952017,2015/8/25 17:50,60.4,346,-22.5,3.851,3.823,37,35,27.4,82.39
2826708,2015/8/27 12:33,60.4,346,-22.5,3.851,3.823,37,35,27.42,82.43999
1643227,2015/9/8 18:12,60.4,346,-22.5,3.851,3.823,37,35,27.44,82.5
9100688,2015/9/10 18:37,60.8,346,-22.5,3.852,3.824,37,35,27.46,82.55
5864426,2015/9/14 12:27,60.8,346,-22.5,3.853,3.825,37,35,27.47,82.6
6669164,2015/9/15 17:48,60.8,346.1,-22.5,3.852,3.824,37,35,27.49,82.65
4109500,2015/9/17 16:56,60.8,346.1,-22.5,3.853,3.825,37,35,27.51,82.7
9920327,2015/9/21 12:21,60.8,346.1,-22.5,3.853,3.826,37,35,27.52,82.75
4850114,2015/9/22 16:21,60.8,346.1,-22.5,3.854,3.826,37,35,27.54,82.8
2681715,2015/9/24 13:07,60.8,346.3,-22.5,3.854,3.826,37,35,27.56,82.85
8781039,2015/9/28 14:01,60.8,346.1,-22.5,3.854,3.827,37,35,27.57,82.9
2977313,2015/9/29 18:10,60.8,346.3,-22.5,3.854,3.827,37,35,27.6,82.95
3727011,2015/10/1 12:59,60.8,346.3,-22.5,3.854,3.827,37,35,27.61,83
2350723,2015/3/16 12:07,61.2,346.4,-22.5,3.855,3.828,37,35,27.62,83.05
1175751,2015/5/7 17:47,61.2,346.4,-22.5,3.855,3.828,37,35,27.64,83.1
4345062,2015/5/8 18:26,61.2,346.4,-22.5,3.855,3.828,37,35,27.67,83.17
6662027,2015/5/13 10:47,61.2,346.4,-22.5,3.856,3.829,37,35,27.68,83.22
3356247,2015/5/19 12:01,61.2,346.4,-22.5,3.856,3.829,37,35,27.7,83.27
9187859,2015/5/20 17:29,61.2,346.4,-22.5,3.857,3.83,37,35,27.71,83.32
9770945,2015/5/21 17:01,61.2,346.4,-22.5,3.857,3.83,37,35,27.73,83.37
4857190,2015/5/22 17:56,61.2,346.6,-22.5,3.857,3.83,37,35,27.75,83.41
4291302,2015/5/26 18:31,61.2,346.6,-22.5,3.858,3.83,37,35,27.76,83.46
8479022,2015/5/27 18:00,61.2,346.6,-22.5,3.858,3.831,37,35,27.78,83.50999
4317418,2015/5/28 16:42,61.2,346.6,-22.5,3.859,3.831,37,35,27.8,83.56
1172569,2015/5/29 18:57,61.6,346.8,-22.5,3.859,3.831,37,35,27.81,83.61
4851505,2015/6/1 18:12,61.6,346.8,-22.5,3.859,3.832,37,35,27.83,83.66
1125235,2015/6/2 17:51,61.6,346.8,-22.5,3.859,3.831,37,35,27.85,83.72
4682619,2015/6/3 17:20,61.6,346.8,-22.5,3.86,3.833,37,35,27.86,83.77
7666068,2015/6/4 17:54,61.6,346.8,-22.5,3.86,3.832,37,35,27.88,83.82
8048016,2015/6/5 17:00,61.6,346.9,-22.5,3.86,3.833,37,35,27.9,83.87
6557241,2015/6/8 17:43,61.6,346.8,-22.5,3.861,3.834,37,35,27.91,83.92
4673897,2015/6/9 17:26,61.6,346.8,-22.5,3.862,3.834,37,35,27.93,83.97
7090607,2015/6/10 17:49,61.6,346.9,-22.5,3.862,3.834,37,35,27.95,84.02
1888330,2015/6/11 18:18,61.6,346.9,-22.5,3.862,3.834,37,35,27.96,84.07
2105402,2015/6/12 18:24,61.6,347.1,-22.5,3.862,3.834,37,35,27.98,84.12
4123027,2015/6/22 17:56,62,347.1,-22.5,3.863,3.835,37,35,28,84.17
9814374,2015/6/23 17:18,62,347.1,-22.5,3.863,3.835,37,35,28.01,84.21
4481340,2015/6/24 16:50,62,347.1,-22.5,3.864,3.835,37,35,28.03,84.25999
9188292,2015/6/26 17:17,62,347.1,-22.5,3.863,3.836,37,35,28.05,84.31
4884384,2015/7/6 17:54,62,347.2,-22.5,3.864,3.837,37,35,28.07,84.38
6061166,2015/7/7 17:25,62,347.2,-22.5,3.865,3.837,37,35,28.08,84.43
9786617,2015/7/8 16:52,62,347.2,-22.5,3.864,3.837,37,35,28.1,84.48
1404585,2015/7/9 17:28,62,347.2,-22.5,3.866,3.838,37,35,28.12,84.53
9673234,2015/7/10 17:29,62,347.2,-22.5,3.866,3.838,37,35,28.13,84.58
8637108,2015/7/13 18:51,62,347.4,-22.5,3.866,3.838,37,35,28.15,84.63
2530946,2015/7/14 17:44,62,347.2,-22.5,3.866,3.838,37,35,28.17,84.68
7816076,2015/7/16 19:08,62.4,347.4,-22.5,3.867,3.838,37,35,28.18,84.73
3665999,2015/7/20 18:14,62.4,347.4,-22.5,3.867,3.84,37,35,28.2,84.78
1876700,2015/7/22 17:43,62.4,347.4,-22.5,3.867,3.839,37,35,28.21,84.83
3716128,2015/7/23 18:17,62.4,347.4,-22.5,3.867,3.84,37,35,28.23,84.88
1361169,2015/7/24 11:38,62.4,347.5,-22.5,3.868,3.841,37,35,28.25,84.93
1317767,2015/7/28 17:08,62.4,347.5,-22.5,3.869,3.841,37,35,28.26,84.98
2109843,2015/7/29 17:48,62.4,347.5,-22.5,3.868,3.84,37,35,28.29,85.03
8466653,2015/7/30 12:02,62.4,347.5,-22.5,3.869,3.841,37,35,28.31,85.1
2436582,2015/7/31 17:05,62.4,347.7,-22.5,3.87,3.841,37,35,28.32,85.15
9326642,2015/8/3 18:50,62.4,347.7,-22.5,3.87,3.842,37,35,28.34,85.2
2078111,2015/8/4 17:11,62.8,347.7,-22.5,3.87,3.842,37,35,28.35,85.23
9792988,2015/8/5 19:05,62.8,347.7,-22.5,3.87,3.843,37,35,28.36,85.27
5277516,2015/8/6 17:50,62.8,347.7,-22.5,3.87,3.843,37,35,28.39,85.33
4579688,2015/8/7 11:54,62.8,347.7,-22.5,3.871,3.844,37,35,28.4,85.38
7355573,2015/8/10 18:10,62.8,347.8,-22.5,3.871,3.844,37,35,28.41,85.43
6389608,2015/8/11 17:19,62.8,347.8,-22.5,3.872,3.844,37,35,28.44,85.5
1778242,2015/8/12 18:03,62.8,347.8,-22.5,3.872,3.845,37,35,28.46,85.54
8382266,2015/8/13 18:30,62.8,347.8,-22.5,3.872,3.845,37,35,28.47,85.59
9038045,2015/8/14 18:30,62.8,348,-22.5,3.873,3.845,37,35,28.49,85.64
5897785,2015/8/17 17:44,62.8,348,-22.5,3.873,3.845,37,35,28.5,85.68999
2116590,2015/8/18 18:20,62.8,348,-22.5,3.874,3.846,37,35,28.52,85.74
6788664,2015/8/19 17:54,63.2,348,-22.5,3.873,3.845,37,35,28.54,85.79
9103791,2015/8/20 17:43,63.2,348,-22.5,3.874,3.846,37,35,28.55,85.84
9146765,2015/8/21 13:58,63.2,348,-22.5,3.874,3.847,37,35,28.57,85.89
7341078,2015/8/24 18:19,63.2,348.2,-22.5,3.874,3.847,37,35,28.59,85.93999
1720499,2015/8/25 17:32,63.2,348.2,-22.5,3.876,3.847,37,35,28.6,85.99
1380549,2015/8/26 13:41,63.2,348.2,-22.5,3.875,3.848,37,35,28.62,86.06
5520299,2015/8/27 17:21,63.2,348.2,-22.5,3.875,3.848,37,35,28.64,86.11
1593228,2015/8/28 16:51,63.2,348.3,-22.5,3.876,3.849,37,35,28.66,86.16
7694132,2015/8/31 16:49,63.2,348.3,-22.5,3.877,3.849,37,35,28.67,86.21
8564239,2015/9/1 17:22,63.2,348.3,-22.5,3.877,3.849,37,35,28.69,86.25999
3987650,2015/9/2 18:39,63.2,348.3,-22.5,3.878,3.849,37,35,28.71,86.31
7955055,2015/9/3 18:30,63.6,348.3,-22.5,3.878,3.85,37,35,28.72,86.36
9621579,2015/9/4 17:41,63.6,348.3,-22.5,3.878,3.85,37,35,28.75,86.41
6887552,2015/9/10 17:40,63.6,348.5,-22.5,3.878,3.851,37,35,28.76,86.46
6393760,2015/9/11 11:34,63.6,348.5,-22.5,3.878,3.85,37,35,28.77,86.50999
4990613,2015/9/14 12:55,63.6,348.5,-22.5,3.879,3.851,37,35,28.79,86.56
5573605,2015/9/15 17:19,63.6,348.5,-22.5,3.88,3.851,37,35,28.81,86.6
7599049,2015/9/16 17:45,63.6,348.6,-22.5,3.879,3.852,37,35,28.82,86.65
4191889,2015/9/30 17:41,63.6,348.6,-22.5,3.881,3.852,37,35,28.84,86.71
6431044,2015/10/1 17:55,63.6,348.5,-22.5,3.88,3.853,37,35,28.86,86.75999
7794819,2015/10/2 16:45,63.6,348.6,-22.5,3.881,3.853,37,35,28.87,86.81
4740152,2015/5/6 12:01,64,348.6,-22.5,3.881,3.853,37,35,28.89,86.86
3350807,2015/5/7 11:54,64,348.6,-22.5,3.882,3.853,37,35,28.91,86.91
7026352,2015/5/8 12:07,64,348.8,-22.5,3.882,3.853,37,35,28.92,86.96
9503621,2015/5/11 13:03,64,348.8,-22.5,3.882,3.854,37,35,28.94,87.00999
5386490,2015/5/11 18:25,64,348.8,-22.5,3.882,3.855,37,35,28.96,87.06
5045814,2015/5/12 12:37,64,348.8,-22.5,3.882,3.855,37,35,28.98,87.11
8530132,2015/5/13 19:30,64,348.9,-22.5,3.883,3.855,37,35,28.99,87.16
3908178,2015/5/14 12:22,64,348.9,-22.5,3.884,3.855,37,35,29.01,87.22
2142802,2015/5/14 18:00,64,348.9,-22.5,3.884,3.856,37,35,29.03,87.27
4141353,2015/5/18 12:22,64,348.9,-22.5,3.884,3.856,37,35,29.05,87.32
2340537,2015/5/19 16:44,64,348.9,-22.5,3.885,3.856,37,35,29.06,87.37
1311275,2015/5/20 12:27,64.4,348.9,-22.5,3.885,3.857,37,35,29.08,87.42
2696677,2015/5/21 12:26,64.4,349.1,-22.5,3.885,3.857,37,35,29.1,87.47
8696593,2015/5/22 12:12,64.4,349.1,-22.5,3.885,3.858,37,35,29.11,87.52
6506700,2015/5/26 12:34,64.4,349.1,-22.5,3.885,3.858,37,35,29.13,87.57
2650561,2015/5/27 11:13,64.4,349.1,-22.5,3.887,3.858,37,35,29.15,87.63
8154465,2015/5/28 12:45,64.4,349.3,-22.5,3.886,3.858,37,35,29.16,87.67
4496995,2015/5/29 11:29,64.4,349.3,-22.5,3.887,3.859,37,35,29.18,87.72
3617689,2015/6/2 12:41,64.4,349.3,-22.5,3.887,3.859,37,35,29.2,87.77
6508489,2015/6/3 19:35,64.4,349.3,-22.5,3.887,3.859,37,35,29.21,87.82
3975291,2015/6/4 12:54,64.4,349.4,-22.5,3.888,3.86,37,35,29.23,87.89
5886855,2015/6/5 19:20,64.4,349.3,-22.5,3.889,3.861,37,35,29.25,87.93
9118529,2015/6/8 12:11,64.8,349.4,-22.5,3.889,3.86,37,35,29.27,87.98
5408764,2015/6/9 12:03,64.8,349.4,-22.5,3.889,3.861,37,35,29.28,88.03
3934160,2015/6/11 11:56,64.8,349.6,-22.5,3.889,3.861,37,35,29.3,88.09
4797962,2015/6/23 12:09,64.8,349.6,-22.5,3.89,3.861,37,35,29.32,88.14
6991392,2015/6/24 11:56,64.8,349.6,-22.5,3.89,3.861,37,35,29.33,88.18999
6416641,2015/7/6 12:49,64.8,349.6,-22.5,3.891,3.862,37,35,29.35,88.24
9612753,2015/7/6 19:50,64.8,349.6,-22.5,3.891,3.862,37,35,29.36,88.29
2692638,2015/7/7 17:59,64.8,349.6,-22.5,3.891,3.864,37,35,29.38,88.34
9759620,2015/7/8 12:14,64.8,349.7,-22.5,3.892,3.863,37,35,29.4,88.39
4121312,2015/7/9 14:42,64.8,349.7,-22.5,3.891,3.863,37,35,29.41,88.43999
8215779,2015/7/10 11:49,64.8,349.7,-22.5,3.892,3.864,37,35,29.44,88.49
3490051,2015/7/13 13:32,65.2,349.7,-22.5,3.892,3.863,37,35,29.45,88.54
3825294,2015/7/14 17:24,65.2,349.7,-22.5,3.893,3.865,37,35,29.46,88.59
3725155,2015/7/15 13:23,65.2,349.7,-22.5,3.893,3.865,37,35,29.49,88.64
8220236,2015/7/16 13:18,65.2,349.9,-22.5,3.894,3.866,37,35,29.5,88.68999
7705326,2015/7/17 12:26,65.2,349.9,-22.5,3.894,3.867,37,35,29.51,88.73
6354805,2015/7/20 12:56,65.2,349.9,-22.5,3.894,3.866,37,35,29.54,88.8
1894829,2015/7/22 12:30,65.2,349.9,-22.5,3.895,3.867,37,35,29.55,88.82999
5288948,2015/7/23 12:35,65.2,349.9,-22.5,3.895,3.867,37,35,29.57,88.9
1767705,2015/7/24 11:53,65.2,349.9,-22.5,3.895,3.868,37,35,29.59,88.95
4249754,2015/7/28 11:54,65.2,350,-22.5,3.896,3.867,37,35,29.61,89
7857520,2015/7/29 11:47,65.6,350,-22.5,3.896,3.868,37,35,29.62,89.05
4620707,2015/7/30 13:16,65.6,350,-22.5,3.897,3.868,37,35,29.64,89.1
9456050,2015/7/31 12:05,65.6,350,-22.5,3.896,3.869,37,35,29.65,89.15
7665938,2015/8/3 12:38,65.6,350.2,-22.5,3.898,3.869,37,35,29.67,89.2
4976769,2015/8/4 17:38,65.6,350.2,-22.5,3.897,3.87,37,35,29.69,89.25
4608932,2015/8/6 12:11,65.6,350.2,-22.5,3.897,3.87,37,35,29.7,89.3
4911258,2015/8/14 12:17,65.6,350.2,-22.5,3.899,3.87,37,35,29.72,89.35
4092062,2015/8/18 12:35,65.6,350.2,-22.5,3.898,3.871,37,35,29.74,89.4
3083090,2015/8/19 11:56,65.6,350.2,-22.5,3.9,3.87,37,35,29.75,89.45
4232020,2015/8/20 12:21,65.6,350.3,-22.5,3.899,3.87,37,35,29.77,89.5
9195467,2015/8/21 12:42,65.6,350.3,-22.5,3.9,3.871,37,35,29.79,89.55
2858851,2015/8/24 12:36,66,350.3,-22.5,3.9,3.872,37,35,29.81,89.62
7942538,2015/8/25 12:00,66,350.3,-22.5,3.9,3.872,37,35,29.82,89.67
1974810,2015/8/26 12:16,66,350.5,-22.5,3.9,3.872,37,35,29.84,89.72
4834937,2015/8/27 12:18,66,350.5,-22.5,3.9,3.873,37,35,29.86,89.77
8633711,2015/8/28 11:25,66,350.5,-22.5,3.901,3.874,37,35,29.87,89.82
9312955,2015/9/1 12:24,66,350.5,-22.5,3.901,3.874,37,35,29.9,89.87
2973616,2015/9/2 12:15,66,350.7,-22.5,3.901,3.874,37,35,29.91,89.92
6756770,2015/9/3 12:29,66,350.7,-22.5,3.902,3.875,37,35,29.92,89.97
2747973,2015/9/4 12:04,66,350.7,-22.5,3.903,3.874,37,35,29.94,90.02
7999305,2015/9/8 12:46,66,350.7,-22.5,3.903,3.875,37,35,29.96,90.06
9725689,2015/9/9 21:14,66,350.7,-22.5,3.903,3.875,37,35,29.97,90.11
7205396,2015/9/10 18:49,66.4,350.7,-22.5,3.904,3.876,37,35,29.99,90.16
9810654,2015/9/11 12:54,66.4,350.7,-22.5,3.904,3.876,37,35,30.01,90.21
8726710,2015/9/14 12:14,66.4,350.8,-22.5,3.904,3.876,37,35,30.02,90.25999
4399824,2015/9/16 19:36,66.4,350.8,-22.5,3.905,3.877,37,35,30.04,90.31
8707083,2015/9/21 19:16,66.4,350.8,-22.5,3.906,3.877,37,35,30.06,90.36
1729270,2015/9/22 12:40,66.4,350.8,-22.5,3.906,3.877,37,35,30.07,90.41
5300478,2015/9/24 12:53,66.4,351,-22.5,3.906,3.878,37,35,30.1,90.48
2463451,2015/9/25 12:11,66.4,351,-22.5,3.906,3.878,37,35,30.11,90.53
8391017,2015/9/28 18:24,66.4,351,-22.5,3.907,3.878,37,35,30.13,90.57999
9051594,2015/9/29 17:31,66.4,351.1,-22.5,3.907,3.879,37,35,30.15,90.63
4750104,2015/9/30 12:19,66.8,351.1,-22.5,3.907,3.878,37,35,30.16,90.68
7479749,2015/10/1 12:44,66.8,351.1,-22.5,3.908,3.879,37,35,30.18,90.73
6181694,2015/10/2 12:29,66.8,351.1,-22.5,3.908,3.88,37,35,30.19,90.77
5740799,2015/10/2 12:32,66.8,351.1,-22.5,3.908,3.88,37,35,30.2,90.82
7602915,2015/3/17 11:17,66.8,351.1,-22.5,3.909,3.879,37,35,30.23,90.86
3927755,2015/3/18 11:13,66.8,351.1,-22.5,3.909,3.881,37,35,30.24,90.91
2905400,2015/3/19 11:09,66.8,351.3,-22.5,3.91,3.881,37,35,30.25,90.96
9893968,2015/3/19 14:44,66.8,351.3,-22.5,3.91,3.881,37,35,30.28,91.00999
5722115,2015/3/20 11:07,66.8,351.1,-22.5,3.91,3.882,37,35,30.3,91.07999
3029328,2015/3/23 11:24,66.8,351.3,-22.5,3.911,3.882,37,35,30.31,91.13
5183328,2015/3/25 11:34,66.8,351.3,-22.5,3.91,3.882,37,35,30.33,91.18
8806931,2015/3/26 11:12,67.2,351.4,-22.5,3.911,3.883,37,35,30.35,91.23
4375852,2015/3/26 13:04,67.2,351.4,-22.5,3.912,3.883,37,35,30.36,91.25999
7246592,2015/3/27 11:30,67.2,351.4,-22.5,3.912,3.883,37,35,30.37,91.31
6319362,2015/4/1 11:33,67.2,351.4,-22.5,3.912,3.883,37,35,30.39,91.36
7120531,2015/4/2 10:46,67.2,351.6,-22.5,3.912,3.884,37,35,30.41,91.41
5676148,2015/4/2 16:57,67.2,351.6,-22.5,3.913,3.885,37,35,30.42,91.43999
1850215,2015/4/6 14:17,67.2,351.6,-22.5,3.913,3.885,37,35,30.44,91.50999
8725264,2015/4/7 11:06,67.2,351.6,-22.5,3.914,3.885,37,35,30.46,91.56
7613205,2015/4/8 11:09,67.2,351.8,-22.5,3.914,3.885,37,35,30.47,91.61
1160262,2015/4/8 13:21,67.2,351.8,-22.5,3.914,3.885,37,35,30.49,91.66
7131170,2015/4/9 11:17,67.2,351.8,-22.5,3.914,3.886,37,35,30.51,91.71
1865866,2015/4/9 17:39,67.2,351.8,-22.5,3.914,3.887,37,35,30.52,91.75999
5167394,2015/4/13 11:42,67.6,351.8,-22.5,3.915,3.887,37,35,30.54,91.81
1893828,2015/4/14 11:08,67.6,351.8,-22.5,3.915,3.887,37,35,30.56,91.86
4739169,2015/4/15 11:45,67.6,351.9,-22.5,3.915,3.887,37,35,30.57,91.91
8119738,2015/4/16 10:59,67.6,351.9,-22.5,3.916,3.888,37,35,30.59,91.96
6605909,2015/4/17 11:36,67.6,351.9,-22.5,3.917,3.888,37,35,30.61,92.00999
5010090,2015/4/20 10:09,67.6,351.9,-22.5,3.917,3.888,37,35,30.62,92.06
6598950,2015/4/20 12:22,67.6,351.9,-22.5,3.917,3.889,37,35,30.64,92.11
2320295,2015/4/21 12:01,67.6,352.1,-22.5,3.918,3.889,37,35,30.66,92.16
2565954,2015/4/22 12:02,67.6,352.1,-22.5,3.917,3.89,37,35,30.67,92.21
4358006,2015/4/23 10:52,67.6,352.1,-22.5,3.918,3.889,37,35,30.69,92.28
7275599,2015/4/24 11:30,68,352.1,-22.5,3.919,3.89,37,35,30.71,92.32999
2910388,2015/4/27 11:27,68,352.1,-22.5,3.919,3.89,37,35,30.73,92.38
9262993,2015/4/28 11:06,68,352.1,-22.5,3.92,3.892,37,35,30.74,92.43
9100030,2015/4/29 10:38,68,352.2,-22.5,3.919,3.892,37,35,30.76,92.48
6385574,2015/4/30 17:03,68,352.2,-22.5,3.92,3.892,37,35,30.78,92.53
2954694,2015/5/6 11:37,68,352.2,-22.5,3.921,3.892,37,35,30.79,92.57999
1881587,2015/5/7 10:29,68,352.2,-22.5,3.921,3.893,37,35,30.81,92.63
7920641,2015/5/8 10:54,68,352.2,-22.5,3.921,3.893,37,35,30.83,92.68
7892870,2015/5/11 11:40,68,352.4,-22.5,3.922,3.893,37,35,30.84,92.72
4273923,2015/5/13 10:45,68,352.4,-22.5,3.922,3.893,37,35,30.86,92.77
3075616,2015/5/15 11:22,68,352.4,-22.5,3.922,3.894,37,35,30.87,92.82
6527360,2015/5/18 11:46,68.4,352.4,-22.5,3.922,3.894,37,35,30.9,92.89
5664133,2015/5/19 11:20,68.4,352.5,-22.5,3.924,3.894,37,35,30.92,92.93999
5623929,2015/5/20 11:41,68.4,352.5,-22.5,3.924,3.895,37,35,30.93,92.99
9556597,2015/5/21 11:35,68.4,352.5,-22.5,3.924,3.896,37,35,30.94,93.04
7296160,2015/5/22 11:00,68.4,352.5,-22.5,3.924,3.896,37,35,30.97,93.09
6952363,2015/5/26 11:17,68.4,352.5,-22.5,3.924,3.896,37,35,30.98,93.14
2510083,2015/5/28 10:33,68.4,352.7,-22.5,3.924,3.896,37,35,30.99,93.18999
3585643,2015/5/29 11:04,68.4,352.7,-22.5,3.925,3.897,37,35,31.02,93.24
9798481,2015/6/1 11:16,68.4,352.7,-22.5,3.925,3.897,37,35,31.03,93.29
5245899,2015/6/2 11:14,68.4,352.7,-22.5,3.925,3.898,37,35,31.05,93.34
4833501,2015/6/3 11:35,68.4,352.7,-22.5,3.926,3.898,37,35,31.07,93.39
7183795,2015/6/4 11:28,68.8,352.8,-22.5,3.926,3.898,37,35,31.08,93.43999
2465644,2015/6/5 11:06,68.8,352.8,-22.5,3.927,3.898,37,35,31.1,93.49
9465156,2015/6/8 11:34,68.8,352.8,-22.5,3.928,3.899,37,35,31.12,93.54
9654573,2015/6/9 11:13,68.8,352.8,-22.5,3.928,3.899,37,35,31.14,93.61
9897750,2015/6/10 11:23,68.8,353,-22.5,3.929,3.899,37,35,31.15,93.66
7783878,2015/6/11 11:39,68.8,353,-22.5,3.928,3.9,37,35,31.17,93.71
7230828,2015/6/11 13:16,68.8,353,-22.5,3.929,3.9,37,35,31.19,93.75999
3735296,2015/6/15 11:19,68.8,353,-22.5,3.929,3.901,37,35,31.2,93.81
8156248,2015/6/16 12:24,68.8,353,-22.5,3.929,3.901,37,35,31.22,93.86
2617840,2015/6/17 10:59,68.8,353.2,-22.5,3.929,3.901,37,35,31.23,93.91
3052743,2015/6/18 11:14,69.2,353.2,-22.5,3.93,3.901,37,35,31.25,93.96
8627260,2015/6/19 12:00,69.2,353.2,-22.5,3.931,3.902,37,35,31.27,94.00999
5105267,2015/6/22 10:44,69.2,353.2,-22.5,3.931,3.902,37,35,31.28,94.05
9545887,2015/7/6 11:15,69.2,353.2,-22.5,3.931,3.903,37,35,31.3,94.1
8250268,2015/7/7 11:23,69.2,353.2,-22.5,3.932,3.903,37,35,31.32,94.15
2669612,2015/7/9 16:29,69.2,353.3,-22.5,3.932,3.904,37,35,31.33,94.2
8124131,2015/7/10 10:19,69.2,353.3,-22.5,3.932,3.904,37,35,31.35,94.27
2446433,2015/7/13 15:21,69.2,353.3,-22.5,3.932,3.904,37,35,31.38,94.32
8927021,2015/7/13 15:37,69.2,353.3,-22.5,3.933,3.904,37,35,31.39,94.37
5089897,2015/7/14 11:34,69.2,353.3,-22.5,3.933,3.905,37,35,31.4,94.4
3654044,2015/7/15 10:27,69.2,353.5,-22.5,3.933,3.904,37,35,31.42,94.45
2089446,2015/7/16 11:11,69.6,353.5,-22.5,3.934,3.906,37,35,31.43,94.5
7424896,2015/7/20 11:22,69.6,353.5,-22.5,3.934,3.906,37,35,31.45,94.55
9111701,2015/7/21 11:55,69.6,353.6,-22.5,3.935,3.906,37,35,31.48,94.62
2864592,2015/7/22 10:15,69.6,353.5,-22.5,3.936,3.907,37,35,31.49,94.67
8148524,2015/7/23 12:02,69.6,353.6,-22.5,3.935,3.907,37,35,31.51,94.72
2903018,2015/7/24 11:22,69.6,353.6,-22.5,3.936,3.908,37,35,31.52,94.77
2094546,2015/7/27 11:55,69.6,353.6,-22.5,3.936,3.907,37,35,31.54,94.82
7432008,2015/7/28 12:09,69.6,353.6,-22.5,3.937,3.908,37,35,31.56,94.87
4468211,2015/7/29 16:31,69.6,353.6,-22.5,3.937,3.908,37,35,31.57,94.92
2309303,2015/7/30 10:54,69.6,353.8,-22.5,3.937,3.908,37,35,31.59,94.99
4951324,2015/7/31 11:08,69.6,353.8,-22.5,3.938,3.909,37,35,31.61,95.02
2757624,2015/8/3 14:37,70,353.8,-22.5,3.938,3.909,37,35,31.62,95.07
1548585,2015/8/4 11:31,70,353.8,-22.5,3.938,3.91,37,35,31.64,95.11
9667916,2015/8/5 11:19,70,353.8,-22.5,3.939,3.91,37,35,31.66,95.16
8436139,2015/8/6 11:44,70,353.9,-22.5,3.939,3.91,37,35,31.68,95.24
4355137,2015/8/7 10:34,70,353.9,-22.5,3.94,3.91,37,35,31.69,95.29
2133815,2015/8/10 11:21,70,353.9,-22.5,3.94,3.911,37,35,31.71,95.34
5170756,2015/8/11 10:55,70,354.1,-22.5,3.94,3.911,37,35,31.73,95.38
8650473,2015/8/12 10:26,70,354.1,-22.5,3.94,3.912,37,35,31.74,95.43
9408551,2015/8/13 11:24,70,354.1,-22.5,3.94,3.912,37,35,31.76,95.48
6382971,2015/8/14 10:56,70,354.1,-22.5,3.942,3.913,37,35,31.78,95.53
1748892,2015/8/14 17:23,70.4,354.1,-22.5,3.942,3.913,37,35,31.79,95.57999
9241161,2015/8/17 11:29,70.4,354.3,-22.5,3.942,3.914,37,35,31.81,95.63
8464237,2015/8/18 11:44,70.4,354.3,-22.5,3.942,3.913,37,35,31.83,95.68
7945577,2015/8/18 18:44,70.4,354.3,-22.5,3.943,3.914,37,35,31.85,95.75
5627531,2015/8/19 11:21,70.4,354.3,-22.5,3.943,3.914,37,35,31.86,95.8
7141257,2015/8/20 11:27,70.4,354.3,-22.5,3.943,3.915,37,35,31.88,95.85
5066890,2015/8/20 14:27,70.4,354.4,-22.5,3.944,3.915,37,35,31.9,95.9
2441375,2015/8/24 11:09,70.4,354.4,-22.5,3.943,3.915,37,35,31.91,95.95
3336350,2015/8/24 15:19,70.4,354.4,-22.5,3.944,3.916,37,35,31.93,96
2025534,2015/8/25 11:10,70.4,354.4,-22.5,3.945,3.916,37,35,31.95,96.05
2566381,2015/8/26 11:08,70.4,354.4,-22.5,3.945,3.917,37,35,31.97,96.1
4060982,2015/8/27 10:11,70.8,354.6,-22.5,3.946,3.917,37,35,31.98,96.15
9016104,2015/8/31 11:00,70.8,354.6,-22.5,3.945,3.917,37,35,32,96.2
5231913,2015/9/1 10:43,70.8,354.6,-22.5,3.946,3.918,37,35,32.02,96.25
5450994,2015/9/1 16:44,70.8,354.6,-22.5,3.946,3.918,37,35,32.03,96.3
9603971,2015/9/2 11:03,70.8,354.6,-22.5,3.947,3.919,37,35,32.05,96.35
4289231,2015/9/3 10:58,70.8,354.7,-22.5,3.947,3.918,37,35,32.07,96.4
5600657,2015/9/3 15:14,70.8,354.7,-22.5,3.948,3.919,37,35,32.09,96.47
1327017,2015/9/4 10:42,70.8,354.7,-22.5,3.948,3.919,37,35,32.1,96.52
1475322,2015/9/8 10:58,70.8,354.7,-22.5,3.948,3.919,37,35,32.12,96.57
2221486,2015/9/9 11:23,70.8,354.9,-22.5,3.949,3.92,37,35,32.14,96.62
6412876,2015/9/10 10:58,70.8,354.7,-22.5,3.949,3.921,37,35,32.15,96.67
4024288,2015/9/11 10:59,71.2,354.9,-22.5,3.95,3.92,37,35,32.17,96.71
3058991,2015/9/14 11:33,71.2,354.9,-22.5,3.95,3.921,37,35,32.19,96.75999
8143815,2015/9/15 10:43,71.2,354.9,-22.5,3.95,3.922,37,35,32.2,96.81
7890969,2015/9/16 11:10,71.2,354.9,-22.5,3.95,3.921,37,35,32.22,96.86
5079762,2015/9/17 10:52,71.2,354.9,-22.5,3.951,3.922,37,35,32.24,96.91
8687538,2015/9/18 11:09,71.2,354.9,-22.5,3.951,3.922,37,35,32.25,96.96
1705537,2015/9/18 17:25,71.2,355,-22.5,3.952,3.923,37,35,32.27,97.00999
5692114,2015/9/21 12:00,71.2,355.2,-22.5,3.952,3.923,37,35,32.29,97.06
7981055,2015/9/22 11:06,71.2,355,-22.5,3.953,3.924,37,35,32.31,97.13
6916794,2015/9/23 11:29,71.2,355.2,-22.5,3.952,3.924,37,35,32.32,97.18
4782478,2015/9/23 17:43,71.6,355.2,-22.5,3.954,3.924,37,35,32.34,97.23
4851965,2015/9/24 10:55,71.6,355.2,-22.5,3.954,3.924,37,35,32.36,97.28
1836265,2015/9/24 17:47,71.6,355.2,-22.5,3.954,3.925,37,35,32.37,97.32999
1196499,2015/9/25 11:26,71.6,355.2,-22.5,3.954,3.925,37,35,32.38,97.36
9538483,2015/9/25 16:29,71.6,355.3,-22.5,3.955,3.925,37,35,32.4,97.41
5626149,2015/3/3 19:30,71.6,355.3,-22.5,3.955,3.925,37,35,32.43,97.48
6245196,2015/3/6 17:34,71.6,355.3,-22.5,3.955,3.926,37,35,32.44,97.53
6388351,2015/3/11 17:12,71.6,355.3,-22.5,3.956,3.926,37,35,32.45,97.57999
6948803,2015/4/1 16:55,71.6,355.5,-22.5,3.956,3.927,37,35,32.48,97.63
1419633,2015/4/9 16:07,71.6,355.3,-22.5,3.957,3.928,37,35,32.49,97.68
9174863,2015/8/17 17:58,71.6,355.5,-22.5,3.957,3.928,37,35,32.5,97.73
3430447,2015/8/19 11:31,72,355.5,-22.5,3.957,3.928,37,35,32.53,97.77
9365911,2015/8/19 16:33,72,355.5,-22.5,3.957,3.928,37,35,32.54,97.82
4452686,2015/8/20 16:51,72,355.7,-22.5,3.958,3.929,37,35,32.55,97.87
4150708,2015/8/21 16:48,72,355.7,-22.5,3.958,3.929,37,35,32.58,97.92
2703398,2015/8/25 17:27,72,355.7,-22.5,3.958,3.93,37,35,32.6,98
3812764,2015/9/8 16:41,72,355.7,-22.5,3.958,3.93,37,35,32.6,98.03
1583759,2015/9/9 16:11,72,355.7,-22.5,3.96,3.93,37,35,32.63,98.09
8896158,2015/9/11 11:36,72,355.8,-22.5,3.96,3.931,37,35,32.65,98.14
5317838,2015/9/15 20:38,72,355.8,-22.5,3.96,3.931,37,35,32.66,98.18999
8201165,2015/9/21 18:38,72,355.8,-22.5,3.961,3.931,37,35,32.68,98.24
8831858,2015/3/19 16:07,72,355.8,-22.5,3.961,3.932,37,35,32.7,98.29
5142454,2015/4/24 17:42,72.4,355.8,-22.5,3.961,3.932,37,35,32.71,98.34
2180379,2015/4/28 17:53,72.4,355.8,-22.5,3.962,3.932,37,35,32.73,98.39
8972878,2015/3/17 16:18,72.4,356,-22.5,3.962,3.933,37,35,32.74,98.43999
7847577,2015/3/19 17:21,72.4,356,-22.5,3.962,3.933,37,35,32.76,98.49
5648345,2015/3/20 15:59,72.4,356,-22.5,3.962,3.934,37,35,32.78,98.54
6080316,2015/3/24 13:39,72.4,356.1,-22.5,3.963,3.933,37,35,32.79,98.59
7980372,2015/3/25 17:07,72.4,356.1,-22.5,3.963,3.934,37,35,32.81,98.64
6411126,2015/3/30 18:20,72.4,356.1,-22.5,3.963,3.935,37,35,32.83,98.71
8327038,2015/3/31 17:36,72.4,356.1,-22.5,3.964,3.935,37,35,32.85,98.75999
3796942,2015/4/1 17:31,72.4,356.3,-22.5,3.964,3.935,37,35,32.86,98.81
2874672,2015/4/6 18:46,72.8,356.1,-22.5,3.964,3.936,37,35,32.89,98.86
9222540,2015/4/7 18:43,72.8,356.3,-22.5,3.965,3.936,37,35,32.9,98.91
2082394,2015/4/8 18:08,72.8,356.3,-22.5,3.966,3.936,37,35,32.91,98.96
2776626,2015/4/9 11:56,72.8,356.3,-22.5,3.965,3.936,37,35,32.94,99.00999
2389576,2015/4/10 12:07,72.8,356.4,-22.5,3.966,3.938,37,35,32.95,99.06
7692175,2015/4/20 12:56,72.8,356.3,-22.5,3.967,3.937,37,35,32.96,99.1
4579494,2015/5/19 19:04,72.8,356.4,-22.5,3.967,3.938,37,35,32.99,99.15
7063897,2015/6/3 16:42,72.8,356.4,-22.5,3.967,3.937,37,35,33,99.2
8987852,2015/6/4 17:17,72.8,356.4,-22.5,3.968,3.938,37,35,33.01,99.25
2783555,2015/3/26 9:31,72.8,356.6,-22.5,3.968,3.939,37,35,33.03,99.3
9165788,2015/3/26 16:26,72.8,356.6,-22.5,3.968,3.939,37,35,33.05,99.36
4631446,2015/3/27 9:01,73.2,356.6,-22.5,3.968,3.94,37,35,33.06,99.41
1994884,2015/3/27 12:02,73.2,356.6,-22.5,3.969,3.94,37,35,33.08,99.46
2015168,2015/3/28 9:59,73.2,356.6,-22.5,3.97,3.94,37,35,33.1,99.52
7483602,2015/3/30 8:57,73.2,356.6,-22.5,3.969,3.941,37,35,33.12,99.57
5834930,2015/3/30 15:21,73.2,356.8,-22.5,3.971,3.941,37,35,33.14,99.62
8150807,2015/3/31 9:07,73.2,356.8,-22.5,3.97,3.941,37,35,33.15,99.67
5105682,2015/4/1 8:52,73.2,356.8,-22.5,3.97,3.942,37,35,33.17,99.72
3928698,2015/4/2 9:01,73.2,356.9,-22.5,3.971,3.943,37,35,33.19,99.77
4538678,2015/4/4 11:09,73.2,356.9,-22.5,3.971,3.942,37,35,33.2,99.82
7819704,2015/4/4 12:28,73.2,356.8,-22.5,3.971,3.943,37,35,33.22,99.87
9567283,2015/4/6 9:01,73.2,356.9,-22.5,3.972,3.943,37,35,33.24,99.92
1799304,2015/4/7 9:02,73.6,356.9,-22.5,3.973,3.943,37,35,33.25,99.97
2777495,2015/4/7 12:40,73.6,356.9,-22.5,3.973,3.944,37,35,33.27,100.02
3358785,2015/4/13 9:01,73.6,357.1,-22.5,3.973,3.945,37,35,33.29,100.07
7643878,2015/4/14 9:03,73.6,357.1,-22.5,3.974,3.946,37,35,33.3,100.12
4010074,2015/4/15 8:50,73.6,357.1,-22.5,3.974,3.945,37,35,33.32,100.17
6200923,2015/4/15 15:46,73.6,357.1,-22.5,3.975,3.945,37,35,33.33,100.2
2729035,2015/4/16 9:05,73.6,357.1,-22.5,3.975,3.946,37,35,33.35,100.27
4474986,2015/4/16 12:09,73.6,357.1,-22.5,3.975,3.946,37,35,33.37,100.34
5010305,2015/4/17 9:01,73.6,357.2,-22.5,3.975,3.946,37,35,33.39,100.39
4044475,2015/4/18 9:55,73.6,357.2,-22.5,3.976,3.947,37,35,33.41,100.43
7281799,2015/4/20 9:01,74,357.4,-22.5,3.976,3.947,37,35,33.42,100.48
9030800,2015/4/21 9:03,74,357.4,-22.5,3.977,3.948,37,35,33.44,100.53
6811747,2015/4/21 15:58,74,357.4,-22.5,3.978,3.948,37,35,33.46,100.58
4132753,2015/4/22 8:59,74,357.4,-22.5,3.978,3.948,37,35,33.47,100.63
4851016,2015/4/22 15:05,74,357.4,-22.5,3.978,3.949,37,35,33.49,100.68
2479922,2015/4/23 8:59,74,357.4,-22.5,3.978,3.949,37,35,33.51,100.74
3196307,2015/4/24 8:57,74,357.4,-22.5,3.979,3.949,37,35,33.52,100.79
4272308,2015/4/24 12:49,74,357.5,-22.5,3.979,3.949,37,35,33.54,100.84
9932506,2015/4/25 9:56,74,357.5,-22.5,3.979,3.95,37,35,33.56,100.89
1956207,2015/4/25 13:32,74,357.5,-22.5,3.979,3.95,37,35,33.58,100.95
4384506,2015/4/27 9:01,74,357.5,-22.5,3.979,3.951,37,35,33.6,101
8698155,2015/4/28 8:55,74.4,357.5,-22.5,3.98,3.951,37,35,33.61,101.05
9855836,2015/4/29 8:59,74.4,357.7,-22.5,3.981,3.951,37,35,33.63,101.09
3233524,2015/4/30 9:01,74.4,357.7,-22.5,3.981,3.952,37,35,33.64,101.14
5353843,2015/5/1 8:58,74.4,357.7,-22.5,3.982,3.952,37,35,33.65,101.19
9432994,2015/5/1 16:00,74.4,357.8,-22.5,3.982,3.953,37,35,33.68,101.25
3000437,2015/5/4 9:23,74.4,357.8,-22.5,3.982,3.953,37,35,33.7,101.3
1756465,2015/5/4 17:32,74.4,357.8,-22.5,3.982,3.953,37,35,33.71,101.35
6774113,2015/5/5 9:03,74.4,357.8,-22.5,3.982,3.953,37,35,33.73,101.4
9540540,2015/5/6 8:57,74.4,357.8,-22.5,3.983,3.955,37,35,33.75,101.45
9596836,2015/5/7 9:06,74.4,358,-22.5,3.984,3.954,37,35,33.76,101.5
3520393,2015/5/8 9:07,74.4,358,-22.5,3.984,3.955,37,35,33.78,101.55
6096052,2015/5/8 17:36,74.8,358,-22.5,3.985,3.956,37,35,33.8,101.6
6017088,2015/5/9 10:02,74.8,358,-22.5,3.984,3.956,37,35,33.81,101.65
3500440,2015/5/9 11:59,74.8,358,-22.5,3.985,3.957,37,35,33.83,101.7
7350954,2015/5/11 8:59,74.8,358.2,-22.5,3.985,3.957,37,35,33.85,101.75
6843043,2015/5/12 9:00,74.8,358.2,-22.5,3.986,3.957,37,35,33.86,101.8
8094323,2015/5/13 9:06,74.8,358.2,-22.5,3.986,3.957,37,35,33.88,101.85
5833308,2015/5/14 9:02,74.8,358.2,-22.5,3.986,3.957,37,35,33.89,101.9
8327550,2015/5/15 9:02,74.8,358.2,-22.5,3.987,3.958,37,35,33.91,101.95
4580264,2015/5/15 15:58,74.8,358.3,-22.5,3.988,3.958,37,35,33.93,102
2043259,2015/5/16 9:57,74.8,358.3,-22.5,3.988,3.958,37,35,33.95,102.06
2636266,2015/5/17 10:00,74.8,358.3,-22.5,3.988,3.958,37,35,33.97,102.12
6976803,2015/5/17 12:33,75.2,358.5,-22.5,3.988,3.959,37,35,33.98,102.17
3739661,2015/5/18 9:12,75.2,358.3,-22.5,3.988,3.96,37,35,34,102.22
9810647,2015/5/18 14:57,75.2,358.5,-22.5,3.99,3.961,37,35,34.01,102.27
4550364,2015/5/19 9:06,75.2,358.5,-22.5,3.989,3.96,37,35,34.04,102.32
9388820,2015/5/19 11:29,75.2,358.5,-22.5,3.99,3.961,37,35,34.05,102.37
4369382,2015/5/20 8:59,75.2,358.6,-22.5,3.99,3.961,37,35,34.06,102.42
2949384,2015/5/20 17:46,75.2,358.5,-22.5,3.991,3.962,37,35,34.09,102.47
4703592,2015/5/21 9:02,75.2,358.6,-22.5,3.991,3.961,37,35,34.1,102.52
5965252,2015/5/22 9:01,75.2,358.6,-22.5,3.992,3.963,37,35,34.11,102.56
7331338,2015/5/22 14:53,75.2,358.6,-22.5,3.992,3.963,37,35,34.14,102.61
2907516,2015/5/26 9:02,75.6,358.6,-22.5,3.992,3.963,37,35,34.15,102.66
9271119,2015/5/27 8:55,75.6,358.8,-22.5,3.992,3.963,37,35,34.16,102.71
5012038,2015/5/27 14:42,75.6,358.8,-22.5,3.993,3.964,37,35,34.19,102.78
8439790,2015/5/28 9:04,20,327.1,-73.80002,3.654,3.62,36,34,8.97,26.96
2719933,2015/5/30 10:00,20,327.5,-73.70001,3.661,3.625,36,34,9.02,27.14
9465310,2015/5/30 15:08,20,327.7,-73.70001,3.662,3.628,36,34,9.07,27.27
2742271,2015/6/1 8:59,20,327.8,-73.70001,3.664,3.631,36,34,9.13,27.45
8829566,2015/6/2 9:04,20.4,328,-73.70001,3.666,3.633,36,34,9.19,27.62
1699262,2015/6/3 9:04,20.4,328.2,-73.80002,3.668,3.634,36,35,9.24,27.79
9916089,2015/6/4 9:04,20.4,328.3,-73.70001,3.669,3.636,36,35,9.3,27.95
4366747,2015/6/5 9:01,20.8,328.5,-73.70001,3.67,3.637,36,35,9.349999,28.12
,2015/6/6 9:57,,,,,,,,,
,2015/6/8 9:02,,,,,,,,,
,2015/6/8 15:18,,,,,,,,,
,2015/6/9 8:56,,,,,,,,,
,2015/6/9 14:37,,,,,,,,,
,2015/6/16 8:59,,,,,,,,,
,2015/6/17 9:03,,,,,,,,,
,2015/6/17 14:32,,,,,,,,,
,2015/6/18 9:01,,,,,,,,,
,2015/6/18 14:35,,,,,,,,,
,2015/6/19 9:04,,,,,,,,,
,2015/6/20 9:58,,,,,,,,,
,2015/6/20 13:55,,,,,,,,,
,2015/6/22 8:58,,,,,,,,,
,2015/6/22 16:15,,,,,,,,,
,2015/6/24 9:03,,,,,,,,,
,2015/6/24 14:48,,,,,,,,,
,2015/6/25 9:02,,,,,,,,,
,2015/6/26 9:02,,,,,,,,,
,2015/6/26 17:48,,,,,,,,,
,2015/6/29 8:58,,,,,,,,,
,2015/6/30 9:03,,,,,,,,,
,2015/7/1 9:03,,,,,,,,,
,2015/7/1 15:14,,,,,,,,,
,2015/7/2 9:03,,,,,,,,,
,2015/7/2 15:41,,,,,,,,,
,2015/7/4 10:49,,,,,,,,,
,2015/7/4 14:09,,,,,,,,,
,2015/7/5 10:02,,,,,,,,,
,2015/7/6 9:05,,,,,,,,,
,2015/7/7 8:59,,,,,,,,,
,2015/7/8 8:54,,,,,,,,,
,2015/7/9 8:56,,,,,,,,,
,2015/7/10 8:59,,,,,,,,,
,2015/7/10 17:46,,,,,,,,,
,2015/7/13 8:57,,,,,,,,,
,2015/7/14 9:00,,,,,,,,,
,2015/7/15 8:59,,,,,,,,,
,2015/7/16 8:59,,,,,,,,,
,2015/7/17 8:54,,,,,,,,,
,2015/7/18 9:58,,,,,,,,,
,2015/7/21 8:56,,,,,,,,,
,2015/7/21 15:28,,,,,,,,,
,2015/7/22 9:01,,,,,,,,,
,2015/7/23 9:00,,,,,,,,,
,2015/7/24 9:06,,,,,,,,,
,2015/7/25 9:58,,,,,,,,,
,2015/7/25 11:27,,,,,,,,,
,2015/7/27 8:55,,,,,,,,,
,2015/7/28 9:02,,,,,,,,,
,2015/7/29 10:59,,,,,,,,,
,2015/7/30 8:48,,,,,,,,,
,2015/7/31 9:02,,,,,,,,,
,2015/8/3 8:55,,,,,,,,,
,2015/8/4 8:59,,,,,,,,,
,2015/8/5 8:58,,,,,,,,,
,2015/8/6 9:00,,,,,,,,,
,2015/8/7 8:58,,,,,,,,,
,2015/8/7 15:27,,,,,,,,,
,2015/8/8 10:43,,,,,,,,,
,2015/8/10 9:00,,,,,,,,,
,2015/8/11 9:02,,,,,,,,,
,2015/8/12 8:57,,,,,,,,,
,2015/8/13 9:02,,,,,,,,,
,2015/8/14 8:56,,,,,,,,,
,2015/8/15 9:59,,,,,,,,,
,2015/8/15 15:28,,,,,,,,,
,2015/8/17 8:59,,,,,,,,,
,2015/8/17 17:55,,,,,,,,,
,2015/8/18 9:06,,,,,,,,,
,2015/8/19 9:02,,,,,,,,,
,2015/8/20 8:58,,,,,,,,,
,2015/8/24 8:57,,,,,,,,,
,2015/8/25 9:00,,,,,,,,,
,2015/8/26 9:04,,,,,,,,,
,2015/8/26 15:14,,,,,,,,,
,2015/8/31 8:46,,,,,,,,,
,2015/9/1 9:04,,,,,,,,,
,2015/9/2 9:01,,,,,,,,,
,2015/9/3 8:55,,,,,,,,,
,2015/9/4 9:01,,,,,,,,,
,2015/9/4 17:16,,,,,,,,,
,2015/9/5 10:23,,,,,,,,,
,2015/9/5 13:35,,,,,,,,,
,2015/9/8 8:58,,,,,,,,,
,2015/9/8 16:21,,,,,,,,,
,2015/9/9 8:57,,,,,,,,,
,2015/9/9 18:17,,,,,,,,,
,2015/9/10 9:01,,,,,,,,,
,2015/9/11 8:59,,,,,,,,,
,2015/9/12 10:01,,,,,,,,,
,2015/9/14 9:07,,,,,,,,,
,2015/9/14 17:16,,,,,,,,,
,2015/9/15 9:05,,,,,,,,,
,2015/9/16 9:09,,,,,,,,,
,2015/9/18 15:05,,,,,,,,,
,2015/9/19 9:57,,,,,,,,,
,2015/9/19 11:55,,,,,,,,,
,2015/9/19 15:35,,,,,,,,,
,2015/9/21 9:02,,,,,,,,,
,2015/9/21 18:29,,,,,,,,,
,2015/9/22 9:01,,,,,,,,,
,2015/9/23 9:03,,,,,,,,,
,2015/9/24 8:59,,,,,,,,,
,2015/9/25 9:03,,,,,,,,,
,2015/9/26 10:01,,,,,,,,,
,2015/9/26 14:47,,,,,,,,,
,2015/9/28 8:59,,,,,,,,,
,2015/9/29 9:03,,,,,,,,,
,2015/9/29 16:18,,,,,,,,,
,2015/9/30 9:03,,,,,,,,,
,2015/10/2 9:01,,,,,,,,,
,2015/10/2 17:59,,,,,,,,,
,2015/10/3 9:58,,,,,,,,,
,2015/10/3 15:49,,,,,,,,,
,2015/3/7 13:29,,,,,,,,,
,2015/3/7 16:50,,,,,,,,,
,2015/3/9 12:48,,,,,,,,,
,2015/3/9 15:49,,,,,,,,,
,2015/3/10 12:47,,,,,,,,,
,2015/3/10 15:37,,,,,,,,,
,2015/3/11 12:25,,,,,,,,,
,2015/3/11 15:45,,,,,,,,,
,2015/3/12 12:15,,,,,,,,,
,2015/3/12 15:45,,,,,,,,,
,2015/3/13 12:33,,,,,,,,,
,2015/3/13 15:53,,,,,,,,,
,2015/3/16 13:13,,,,,,,,,
,2015/3/17 14:07,,,,,,,,,
,2015/3/19 13:20,,,,,,,,,
,2015/3/20 13:33,,,,,,,,,
,2015/3/23 13:10,,,,,,,,,
,2015/3/24 12:37,,,,,,,,,
,2015/3/25 12:49,,,,,,,,,
,2015/3/26 13:19,,,,,,,,,
,2015/3/27 13:34,,,,,,,,,
,2015/3/28 12:57,,,,,,,,,
,2015/3/30 13:49,,,,,,,,,
,2015/3/31 13:05,,,,,,,,,
,2015/4/1 13:08,,,,,,,,,
,2015/4/1 15:48,,,,,,,,,
,2015/4/2 12:57,,,,,,,,,
,2015/4/6 13:30,,,,,,,,,
,2015/4/7 13:35,,,,,,,,,
,2015/4/8 12:30,,,,,,,,,
,2015/4/9 12:58,,,,,,,,,
,2015/4/10 13:07,,,,,,,,,
,2015/4/13 13:07,,,,,,,,,
,2015/4/14 12:53,,,,,,,,,
,2015/4/15 13:12,,,,,,,,,
,2015/4/16 13:02,,,,,,,,,
,2015/4/17 12:57,,,,,,,,,
,2015/4/20 13:38,,,,,,,,,
,2015/4/21 9:58,,,,,,,,,
,2015/4/22 13:08,,,,,,,,,
,2015/4/23 12:49,,,,,,,,,
,2015/4/24 13:56,,,,,,,,,
,2015/4/26 12:26,,,,,,,,,
,2015/4/27 12:19,,,,,,,,,
,2015/4/28 12:46,,,,,,,,,
,2015/4/29 13:42,,,,,,,,,
,2015/4/30 13:16,,,,,,,,,
,2015/5/4 12:54,,,,,,,,,
,2015/5/5 12:42,,,,,,,,,
,2015/5/6 15:43,,,,,,,,,
,2015/5/8 12:48,,,,,,,,,
,2015/5/9 13:04,,,,,,,,,
,2015/5/11 15:03,,,,,,,,,
,2015/5/12 14:00,,,,,,,,,
,2015/5/13 13:10,,,,,,,,,
,2015/5/13 15:45,,,,,,,,,
,2015/5/14 13:07,,,,,,,,,
,2015/5/15 13:19,,,,,,,,,
,2015/5/17 13:34,,,,,,,,,
,2015/5/17 15:49,,,,,,,,,
,2015/5/18 13:47,,,,,,,,,
,2015/5/19 14:56,,,,,,,,,
,2015/5/20 14:56,,,,,,,,,
,2015/5/21 12:52,,,,,,,,,
,2015/5/22 13:15,,,,,,,,,
,2015/5/26 14:54,,,,,,,,,
,2015/5/27 13:49,,,,,,,,,
,2015/5/27 15:45,,,,,,,,,
,2015/5/28 15:49,,,,,,,,,
,2015/5/29 14:30,,,,,,,,,
,2015/5/31 13:35,,,,,,,,,
,2015/6/1 13:01,,,,,,,,,
,2015/6/3 12:53,,,,,,,,,
,2015/6/4 12:55,,,,,,,,,
,2015/6/8 12:29,,,,,,,,,
,2015/6/9 12:42,,,,,,,,,
,2015/6/9 15:46,,,,,,,,,
,2015/6/10 13:13,,,,,,,,,
,2015/6/10 15:45,,,,,,,,,
,2015/6/11 13:16,,,,,,,,,
,2015/6/13 15:51,,,,,,,,,
,2015/6/14 13:05,,,,,,,,,
,2015/6/15 13:45,,,,,,,,,
,2015/6/16 12:52,,,,,,,,,
,2015/6/16 15:46,,,,,,,,,
,2015/6/17 13:01,,,,,,,,,
,2015/6/18 13:22,,,,,,,,,
,2015/6/18 15:43,,,,,,,,,
,2015/6/22 13:32,,,,,,,,,
,2015/6/25 13:49,,,,,,,,,
,2015/6/26 13:13,,,,,,,,,
,2015/6/29 13:15,,,,,,,,,
,2015/6/30 13:12,,,,,,,,,
,2015/7/1 13:13,,,,,,,,,
,2015/7/1 15:48,,,,,,,,,
,2015/7/2 13:02,,,,,,,,,
,2015/7/6 12:59,,,,,,,,,
,2015/7/7 13:43,,,,,,,,,
,2015/7/8 13:15,,,,,,,,,
,2015/7/9 12:53,,,,,,,,,
,2015/7/10 13:15,,,,,,,,,
,2015/7/12 12:36,,,,,,,,,
,2015/7/13 12:11,,,,,,,,,
,2015/7/13 14:56,,,,,,,,,
,2015/7/14 13:10,,,,,,,,,
,2015/7/14 17:42,,,,,,,,,
,2015/7/15 12:44,,,,,,,,,
,2015/7/15 17:16,,,,,,,,,
,2015/7/17 13:25,,,,,,,,,
,2015/7/17 17:10,,,,,,,,,
,2015/7/20 13:31,,,,,,,,,
,2015/7/21 13:12,,,,,,,,,
,2015/7/23 10:00,,,,,,,,,
,2015/7/23 17:25,,,,,,,,,
,2015/7/24 13:06,,,,,,,,,
,2015/7/24 17:17,,,,,,,,,
,2015/7/25 13:29,,,,,,,,,
,2015/7/27 13:49,,,,,,,,,
,2015/7/28 13:33,,,,,,,,,
,2015/7/29 13:23,,,,,,,,,
,2015/7/30 9:56,,,,,,,,,
,2015/7/30 17:01,,,,,,,,,
,2015/7/31 10:01,,,,,,,,,
,2015/7/31 15:48,,,,,,,,,
,2015/8/1 13:27,,,,,,,,,
,2015/8/2 12:50,,,,,,,,,
,2015/8/2 17:21,,,,,,,,,
,2015/8/3 11:02,,,,,,,,,
,2015/8/3 14:56,,,,,,,,,
,2015/8/4 11:22,,,,,,,,,
,2015/8/4 17:06,,,,,,,,,
,2015/8/5 9:59,,,,,,,,,
,2015/8/5 15:00,,,,,,,,,
,2015/8/6 10:04,,,,,,,,,
,2015/8/6 16:43,,,,,,,,,
,2015/8/7 10:01,,,,,,,,,
,2015/8/7 17:02,,,,,,,,,
,2015/9/18 10:00,,,,,,,,,
,2015/9/21 12:08,,,,,,,,,
,2015/9/22 9:56,,,,,,,,,
,2015/9/22 15:44,,,,,,,,,
,2015/9/23 9:59,,,,,,,,,
,2015/9/23 17:20,,,,,,,,,
,2015/9/24 10:01,,,,,,,,,
,2015/9/24 17:27,,,,,,,,,
,2015/9/25 10:00,,,,,,,,,
,2015/9/26 10:15,,,,,,,,,
,2015/9/26 14:52,,,,,,,,,
,2015/9/27 12:30,,,,,,,,,
,2015/9/27 17:33,,,,,,,,,
,2015/9/28 9:59,,,,,,,,,
,2015/9/29 12:15,,,,,,,,,
,2015/9/30 10:05,,,,,,,,,
,2015/9/30 17:32,,,,,,,,,
,2015/10/1 11:54,,,,,,,,,
,2015/10/2 12:02,,,,,,,,,
,2015/10/2 12:03,,,,,,,,,
,2015/10/2 15:47,,,,,,,,,
,2015/10/3 12:37,,,,,,,,,
,2015/10/4 12:44,,,,,,,,,
,2015/3/16 16:54,,,,,,,,,
,2015/3/17 13:06,,,,,,,,,
,2015/3/18 12:01,,,,,,,,,
,2015/5/6 11:26,,,,,,,,,
,2015/5/6 14:02,,,,,,,,,
,2015/3/17 19:00,,,,,,,,,
,2015/3/18 18:00,,,,,,,,,
,2015/3/19 15:50,,,,,,,,,
,2015/3/20 14:15,,,,,,,,,
,2015/3/23 15:00,,,,,,,,,
,2015/3/24 18:10,,,,,,,,,
,2015/3/27 13:41,,,,,,,,,
,2015/4/1 16:51,,,,,,,,,
,2015/4/2 16:33,,,,,,,,,
,2015/4/7 12:29,,,,,,,,,
,2015/8/4 18:37,,,,,,,,,
,2015/8/7 13:06,,,,,,,,,
,2015/8/18 13:42,,,,,,,,,
,2015/8/19 12:47,,,,,,,,,
,2015/8/20 13:10,,,,,,,,,
,2015/8/21 12:29,,,,,,,,,
,2015/8/28 13:46,,,,,,,,,
,2015/8/31 13:30,,,,,,,,,
,2015/9/1 13:35,,,,,,,,,
,2015/9/21 14:05,,,,,,,,,
,2015/9/22 13:19,,,,,,,,,
,2015/9/23 13:13,,,,,,,,,
,2015/9/25 12:58,,,,,,,,,
,2015/9/30 13:00,,,,,,,,,
,2015/10/1 13:23,,,,,,,,,
,2015/3/19 11:05,,,,,,,,,
,2015/3/20 11:00,,,,,,,,,
,2015/3/19 16:04,,,,,,,,,
,2015/3/20 16:40,,,,,,,,,
,2015/3/25 10:44,,,,,,,,,
,2015/4/2 10:43,,,,,,,,,
,2015/5/13 13:23,,,,,,,,,
,2015/5/22 12:46,,,,,,,,,
,2015/6/4 12:38,,,,,,,,,
,2015/6/11 12:39,,,,,,,,,
,2015/7/9 16:40,,,,,,,,,
,2015/7/20 13:15,,,,,,,,,
,2015/7/21 19:01,,,,,,,,,
,2015/7/22 22:16,,,,,,,,,
,2015/7/23 17:08,,,,,,,,,
,2015/7/24 16:55,,,,,,,,,
,2015/7/27 20:10,,,,,,,,,
,2015/7/28 18:43,,,,,,,,,
,2015/7/29 22:23,,,,,,,,,
,2015/7/30 16:49,,,,,,,,,
,2015/7/31 13:50,,,,,,,,,
,2015/8/3 18:50,,,,,,,,,
,2015/8/4 12:41,,,,,,,,,
,2015/8/5 21:58,,,,,,,,,
,2015/8/6 16:59,,,,,,,,,
,2015/8/7 17:39,,,,,,,,,
,2015/8/10 14:18,,,,,,,,,
,2015/8/11 17:53,,,,,,,,,
,2015/8/12 16:29,,,,,,,,,
,2015/8/13 13:29,,,,,,,,,
,2015/8/14 15:32,,,,,,,,,
,2015/8/17 18:05,,,,,,,,,
,2015/8/18 16:44,,,,,,,,,
,2015/8/19 14:16,,,,,,,,,
,2015/8/20 17:58,,,,,,,,,
,2015/8/21 17:21,,,,,,,,,
,2015/8/31 20:41,,,,,,,,,
,2015/9/1 17:25,,,,,,,,,
,2015/9/2 16:43,,,,,,,,,
,2015/9/3 17:11,,,,,,,,,
,2015/9/4 17:27,,,,,,,,,
,2015/9/8 19:04,,,,,,,,,
,2015/9/9 15:45,,,,,,,,,
,2015/9/10 12:20,,,,,,,,,
,2015/9/16 13:28,,,,,,,,,
,2015/9/17 12:50,,,,,,,,,
,2015/9/18 14:19,,,,,,,,,
,2015/9/21 17:07,,,,,,,,,
,2015/9/22 16:59,,,,,,,,,
,2015/9/23 20:59,,,,,,,,,
,2015/9/24 17:20,,,,,,,,,
,2015/9/25 16:22,,,,,,,,,
,2015/9/28 20:26,,,,,,,,,
,2015/9/29 17:06,,,,,,,,,
,2015/9/30 12:09,,,,,,,,,
,2015/10/1 12:34,,,,,,,,,
,2015/10/2 20:55,,,,,,,,,
,2015/4/28 10:33,,,,,,,,,
,2015/4/29 10:22,,,,,,,,,
,2015/4/30 10:29,,,,,,,,,
,2015/5/1 10:51,,,,,,,,,
,2015/5/4 10:28,,,,,,,,,
,2015/5/5 10:25,,,,,,,,,
,2015/5/6 10:32,,,,,,,,,
,2015/5/7 10:34,,,,,,,,,
,2015/5/8 10:27,,,,,,,,,
,2015/5/8 17:03,,,,,,,,,
,2015/5/11 11:13,,,,,,,,,
,2015/5/12 10:28,,,,,,,,,
,2015/5/13 10:29,,,,,,,,,
,2015/5/14 10:26,,,,,,,,,
,2015/5/15 10:29,,,,,,,,,
,2015/5/15 16:27,,,,,,,,,
,2015/5/18 10:24,,,,,,,,,
,2015/5/19 10:22,,,,,,,,,
,2015/5/20 10:32,,,,,,,,,
,2015/5/21 10:14,,,,,,,,,
,2015/5/26 10:26,,,,,,,,,
,2015/5/27 10:31,,,,,,,,,
,2015/5/28 10:21,,,,,,,,,
,2015/5/29 10:23,,,,,,,,,
,2015/5/29 15:45,,,,,,,,,
,2015/6/1 10:28,,,,,,,,,
,2015/6/2 10:19,,,,,,,,,
,2015/6/15 10:29,,,,,,,,,
,2015/6/16 10:33,,,,,,,,,
,2015/6/17 10:23,,,,,,,,,
,2015/6/17 16:46,,,,,,,,,
,2015/6/18 10:29,,,,,,,,,
,2015/6/19 10:28,,,,,,,,,
,2015/6/19 17:24,,,,,,,,,
,2015/6/22 10:36,,,,,,,,,
,2015/6/23 10:28,,,,,,,,,
,2015/6/24 10:44,,,,,,,,,
,2015/6/25 10:25,,,,,,,,,
,2015/6/26 10:29,,,,,,,,,
,2015/7/7 11:00,,,,,,,,,
,2015/7/8 10:36,,,,,,,,,
,2015/7/9 10:35,,,,,,,,,
,2015/7/10 10:33,,,,,,,,,
,2015/7/13 10:33,,,,,,,,,
,2015/7/14 10:21,,,,,,,,,
,2015/7/15 10:22,,,,,,,,,
,2015/7/16 10:27,,,,,,,,,
,2015/7/17 10:19,,,,,,,,,
,2015/7/20 10:33,,,,,,,,,
,2015/7/21 10:30,,,,,,,,,
,2015/7/22 10:31,,,,,,,,,
,2015/7/23 10:36,,,,,,,,,
,2015/7/24 10:33,,,,,,,,,
,2015/7/25 10:36,,,,,,,,,
,2015/7/27 10:26,,,,,,,,,
,2015/7/28 10:26,,,,,,,,,
,2015/7/29 10:26,,,,,,,,,
,2015/7/30 12:31,,,,,,,,,
,2015/7/31 16:26,,,,,,,,,
,2015/8/1 10:37,,,,,,,,,
,2015/8/3 10:45,,,,,,,,,
,2015/8/4 12:57,,,,,,,,,
,2015/8/5 10:44,,,,,,,,,
,2015/8/6 13:23,,,,,,,,,
,2015/8/7 12:17,,,,,,,,,
,2015/8/8 10:43,,,,,,,,,
,2015/8/10 10:32,,,,,,,,,
,2015/8/11 10:36,,,,,,,,,
,2015/8/12 11:39,,,,,,,,,
,2015/8/13 10:26,,,,,,,,,
,2015/8/14 10:30,,,,,,,,,
,2015/8/15 10:37,,,,,,,,,
,2015/8/17 11:56,,,,,,,,,
,2015/8/18 10:38,,,,,,,,,
,2015/8/19 11:30,,,,,,,,,
,2015/8/19 15:40,,,,,,,,,
,2015/8/31 10:49,,,,,,,,,
,2015/8/31 15:57,,,,,,,,,
,2015/9/1 10:36,,,,,,,,,
,2015/9/2 16:15,,,,,,,,,
,2015/9/3 10:52,,,,,,,,,
,2015/9/4 11:05,,,,,,,,,
,2015/9/8 10:22,,,,,,,,,
,2015/9/9 12:06,,,,,,,,,
,2015/9/10 10:30,,,,,,,,,
,2015/9/11 10:57,,,,,,,,,
,2015/9/14 10:28,,,,,,,,,
,2015/9/15 11:56,,,,,,,,,
,2015/9/16 10:37,,,,,,,,,
,2015/9/22 16:07,,,,,,,,,
,2015/9/23 10:20,,,,,,,,,
,2015/9/24 10:15,,,,,,,,,
,2015/9/25 10:24,,,,,,,,,
,2015/9/28 10:27,,,,,,,,,
,2015/9/29 10:23,,,,,,,,,
,2015/9/30 10:23,,,,,,,,,
,2015/10/1 10:23,,,,,,,,,
,2015/10/1 15:54,,,,,,,,,
,2015/10/2 10:36,,,,,,,,,
,2015/4/20 20:30,,,,,,,,,
,2015/4/21 21:48,,,,,,,,,
,2015/4/22 16:48,,,,,,,,,
,2015/4/23 18:47,,,,,,,,,
,2015/4/27 17:25,,,,,,,,,
,2015/5/1 19:45,,,,,,,,,
,2015/5/5 15:10,,,,,,,,,
,2015/5/6 18:30,,,,,,,,,
,2015/5/7 15:26,,,,,,,,,
,2015/5/8 16:01,,,,,,,,,
,2015/5/12 16:41,,,,,,,,,
,2015/5/14 14:04,,,,,,,,,
,2015/5/14 19:39,,,,,,,,,
,2015/5/15 13:14,,,,,,,,,
,2015/5/20 16:51,,,,,,,,,
,2015/5/21 12:23,,,,,,,,,
,2015/5/28 16:54,,,,,,,,,
,2015/6/1 16:21,,,,,,,,,
,2015/6/4 20:27,,,,,,,,,
,2015/6/8 13:30,,,,,,,,,
,2015/6/9 19:35,,,,,,,,,
,2015/6/10 14:53,,,,,,,,,
,2015/6/12 14:51,,,,,,,,,
,2015/6/17 17:29,,,,,,,,,
,2015/6/22 16:18,,,,,,,,,
,2015/6/24 18:24,,,,,,,,,
,2015/6/25 16:18,,,,,,,,,
,2015/6/29 19:48,,,,,,,,,
,2015/6/30 20:48,,,,,,,,,
,2015/7/1 19:43,,,,,,,,,
,2015/7/2 18:41,,,,,,,,,
,2015/7/6 15:07,,,,,,,,,
,2015/7/8 18:06,,,,,,,,,
,2015/7/10 17:38,,,,,,,,,
,2015/7/13 14:10,,,,,,,,,
,2015/7/16 16:25,,,,,,,,,
,2015/7/21 14:00,,,,,,,,,
,2015/7/22 11:01,,,,,,,,,
,2015/7/23 15:14,,,,,,,,,
,2015/7/27 12:33,,,,,,,,,
,2015/7/31 12:31,,,,,,,,,
,2015/7/31 13:24,,,,,,,,,
,2015/7/31 13:54,,,,,,,,,
,2015/8/4 18:48,,,,,,,,,
,2015/8/6 15:38,,,,,,,,,
,2015/8/11 13:25,,,,,,,,,
,2015/8/13 11:44,,,,,,,,,
,2015/8/13 17:33,,,,,,,,,
,2015/8/18 12:45,,,,,,,,,
,2015/8/19 17:32,,,,,,,,,
,2015/8/27 17:51,,,,,,,,,
,2015/9/2 11:56,,,,,,,,,
,2015/9/3 14:04,,,,,,,,,
,2015/9/3 17:17,,,,,,,,,
,2015/9/10 12:25,,,,,,,,,
,2015/9/16 12:13,,,,,,,,,
,2015/9/17 16:49,,,,,,,,,
,2015/9/18 18:25,,,,,,,,,
,2015/9/21 11:57,,,,,,,,,
,2015/9/23 12:03,,,,,,,,,
,2015/9/30 14:01,,,,,,,,,
,2015/10/1 18:45,,,,,,,,,
,2015/5/8 16:38,,,,,,,,,
,2015/5/13 16:42,,,,,,,,,
,2015/5/18 12:07,,,,,,,,,
,2015/5/29 17:27,,,,,,,,,
,2015/6/8 12:21,,,,,,,,,
,2015/6/10 17:06,,,,,,,,,
,2015/6/15 12:48,,,,,,,,,
,2015/6/17 12:33,,,,,,,,,
,2015/7/1 12:19,,,,,,,,,
,2015/7/8 12:40,,,,,,,,,
,2015/7/13 18:39,,,,,,,,,
,2015/7/20 17:01,,,,,,,,,
,2015/7/23 12:48,,,,,,,,,
,2015/7/27 17:19,,,,,,,,,
,2015/7/29 13:08,,,,,,,,,
,2015/8/5 17:27,,,,,,,,,
,2015/8/12 13:06,,,,,,,,,
,2015/8/17 12:32,,,,,,,,,
,2015/8/19 12:41,,,,,,,,,
,2015/8/24 17:20,,,,,,,,,
,2015/8/26 12:57,,,,,,,,,
,2015/8/31 17:23,,,,,,,,,
,2015/9/14 12:10,,,,,,,,,
,2015/9/16 12:28,,,,,,,,,
,2015/9/25 15:59,,,,,,,,,
,2015/9/28 12:51,,,,,,,,,
,2015/9/28 12:54,,,,,,,,,
,2015/4/17 11:11,,,,,,,,,
,2015/5/7 15:26,,,,,,,,,
,2015/4/20 11:20,,,,,,,,,
,2015/4/21 11:13,,,,,,,,,
,2015/4/22 11:04,,,,,,,,,
,2015/4/23 11:10,,,,,,,,,
,2015/4/24 11:06,,,,,,,,,
,2015/4/27 11:04,,,,,,,,,
,2015/4/28 12:04,,,,,,,,,
,2015/4/29 13:04,,,,,,,,,
,2015/4/30 13:14,,,,,,,,,
,2015/5/6 13:04,,,,,,,,,
,2015/5/7 13:08,,,,,,,,,
,2015/5/8 13:08,,,,,,,,,
,2015/5/11 13:14,,,,,,,,,
,2015/5/13 13:08,,,,,,,,,
,2015/5/15 12:01,,,,,,,,,
,2015/5/15 16:12,,,,,,,,,
,2015/5/18 13:26,,,,,,,,,
,2015/5/20 13:49,,,,,,,,,
,2015/5/21 15:37,,,,,,,,,
,2015/5/27 13:25,,,,,,,,,
,2015/5/28 11:05,,,,,,,,,
,2015/5/29 11:10,,,,,,,,,
,2015/6/1 14:04,,,,,,,,,
,2015/6/2 11:06,,,,,,,,,
,2015/6/10 11:25,,,,,,,,,
,2015/6/11 10:58,,,,,,,,,
,2015/6/12 10:07,,,,,,,,,
,2015/6/15 13:19,,,,,,,,,
,2015/6/16 11:05,,,,,,,,,
,2015/6/18 11:02,,,,,,,,,
,2015/6/19 11:02,,,,,,,,,
,2015/6/29 16:17,,,,,,,,,
,2015/6/30 11:06,,,,,,,,,
,2015/7/1 10:56,,,,,,,,,
,2015/7/2 11:08,,,,,,,,,
,2015/7/7 11:06,,,,,,,,,
,2015/7/8 10:58,,,,,,,,,
,2015/7/9 14:16,,,,,,,,,
,2015/7/10 10:57,,,,,,,,,
,2015/7/13 11:13,,,,,,,,,
,2015/7/14 10:57,,,,,,,,,
,2015/7/16 14:05,,,,,,,,,
,2015/7/17 11:07,,,,,,,,,
,2015/7/21 11:03,,,,,,,,,
,2015/7/22 13:55,,,,,,,,,
,2015/7/23 11:10,,,,,,,,,
,2015/7/27 11:05,,,,,,,,,
,2015/7/28 10:55,,,,,,,,,
,2015/7/29 10:48,,,,,,,,,
,2015/7/30 11:13,,,,,,,,,
,2015/7/31 11:08,,,,,,,,,
,2015/8/3 12:47,,,,,,,,,
,2015/8/4 11:07,,,,,,,,,
,2015/8/7 11:02,,,,,,,,,
,2015/8/10 11:10,,,,,,,,,
,2015/8/11 13:24,,,,,,,,,
,2015/8/12 11:07,,,,,,,,,
,2015/8/13 11:15,,,,,,,,,
,2015/8/17 11:20,,,,,,,,,
,2015/8/19 11:00,,,,,,,,,
,2015/8/20 11:13,,,,,,,,,
,2015/8/21 11:11,,,,,,,,,
,2015/8/24 11:11,,,,,,,,,
,2015/8/25 11:02,,,,,,,,,
,2015/8/26 11:10,,,,,,,,,
,2015/8/26 15:43,,,,,,,,,
,2015/8/27 11:10,,,,,,,,,
,2015/8/27 17:28,,,,,,,,,
,2015/8/28 11:05,,,,,,,,,
,2015/9/1 11:11,,,,,,,,,
,2015/9/2 11:03,,,,,,,,,
,2015/9/3 11:00,,,,,,,,,
,2015/9/4 11:02,,,,,,,,,
,2015/9/8 13:15,,,,,,,,,
,2015/9/9 11:08,,,,,,,,,
,2015/9/10 11:05,,,,,,,,,
,2015/9/11 11:05,,,,,,,,,
,2015/9/14 11:10,,,,,,,,,
,2015/9/16 11:13,,,,,,,,,
,2015/9/17 11:06,,,,,,,,,
,2015/9/18 11:07,,,,,,,,,
,2015/9/21 11:16,,,,,,,,,
,2015/9/22 11:13,,,,,,,,,
,2015/9/23 11:09,,,,,,,,,
,2015/9/24 10:56,,,,,,,,,
,2015/9/25 11:06,,,,,,,,,
,2015/9/28 10:57,,,,,,,,,
,2015/10/1 11:06,,,,,,,,,
,2015/10/1 11:07,,,,,,,,,
,2015/10/1 11:08,,,,,,,,,
,2015/10/1 11:09,,,,,,,,,
,2015/10/1 11:10,,,,,,,,,
,2015/6/11 16:14,,,,,,,,,
,2015/6/12 9:56,,,,,,,,,
,2015/6/15 9:50,,,,,,,,,
,2015/6/16 9:49,,,,,,,,,
,2015/6/17 9:39,,,,,,,,,
,2015/6/17 15:57,,,,,,,,,
,2015/6/19 9:40,,,,,,,,,
,2015/6/23 9:58,,,,,,,,,
,2015/6/24 10:18,,,,,,,,,
,2015/6/26 9:37,,,,,,,,,
,2015/6/29 9:28,,,,,,,,,
,2015/7/1 10:29,,,,,,,,,
,2015/7/2 10:21,,,,,,,,,
,2015/7/6 9:46,,,,,,,,,
,2015/7/8 10:26,,,,,,,,,
,2015/7/10 9:21,,,,,,,,,
,2015/7/13 10:30,,,,,,,,,
,2015/7/14 10:23,,,,,,,,,
,2015/7/16 9:33,,,,,,,,,
,2015/7/21 10:19,,,,,,,,,
,2015/7/22 10:30,,,,,,,,,
,2015/7/23 10:33,,,,,,,,,
,2015/7/24 10:24,,,,,,,,,
,2015/7/27 10:12,,,,,,,,,
,2015/7/30 10:32,,,,,,,,,
,2015/7/31 10:33,,,,,,,,,
,2015/8/3 10:25,,,,,,,,,
,2015/8/4 9:40,,,,,,,,,
,2015/8/5 9:47,,,,,,,,,
,2015/8/6 10:37,,,,,,,,,
,2015/8/10 9:54,,,,,,,,,
,2015/8/11 10:10,,,,,,,,,
,2015/8/12 10:36,,,,,,,,,
,2015/8/13 10:29,,,,,,,,,
,2015/8/13 16:49,,,,,,,,,
,2015/8/14 10:27,,,,,,,,,
,2015/8/17 10:41,,,,,,,,,
,2015/8/18 10:26,,,,,,,,,
,2015/8/19 10:21,,,,,,,,,
,2015/4/28 16:25,,,,,,,,,
,2015/4/28 16:32,,,,,,,,,
,2015/4/29 16:07,,,,,,,,,
,2015/4/30 17:17,,,,,,,,,
,2015/5/4 19:34,,,,,,,,,
,2015/5/5 15:17,,,,,,,,,
,2015/5/5 17:47,,,,,,,,,
,2015/5/6 15:36,,,,,,,,,
,2015/5/7 18:44,,,,,,,,,
,2015/5/8 18:48,,,,,,,,,
,2015/5/11 15:39,,,,,,,,,
,2015/5/12 19:22,,,,,,,,,
,2015/5/13 15:43,,,,,,,,,
,2015/5/14 17:07,,,,,,,,,
,2015/5/18 15:40,,,,,,,,,
,2015/5/19 15:00,,,,,,,,,
,2015/5/21 18:05,,,,,,,,,
,2015/5/22 13:31,,,,,,,,,
,2015/5/26 16:13,,,,,,,,,
,2015/5/28 19:50,,,,,,,,,
,2015/5/29 16:13,,,,,,,,,
,2015/6/1 19:44,,,,,,,,,
,2015/6/2 16:44,,,,,,,,,
,2015/6/8 16:24,,,,,,,,,
,2015/6/9 16:40,,,,,,,,,
,2015/6/10 16:42,,,,,,,,,
,2015/6/11 16:51,,,,,,,,,
,2015/6/15 16:51,,,,,,,,,
,2015/6/16 16:35,,,,,,,,,
,2015/6/17 19:35,,,,,,,,,
,2015/6/18 16:44,,,,,,,,,
,2015/6/19 16:51,,,,,,,,,
,2015/6/22 16:47,,,,,,,,,
,2015/6/23 15:02,,,,,,,,,
,2015/6/24 17:14,,,,,,,,,
,2015/6/25 15:04,,,,,,,,,
,2015/6/29 15:38,,,,,,,,,
,2015/7/21 18:33,,,,,,,,,
,2015/7/22 19:20,,,,,,,,,
,2015/7/23 18:54,,,,,,,,,
,2015/7/24 16:21,,,,,,,,,
,2015/7/27 16:16,,,,,,,,,
,2015/4/27 15:07,,,,,,,,,
,2015/5/16 22:16,,,,,,,,,
,2015/8/27 17:42,,,,,,,,,
,2015/9/7 16:06,,,,,,,,,
,2015/9/9 17:44,,,,,,,,,
,2015/9/10 10:48,,,,,,,,,
,2015/9/12 13:46,,,,,,,,,
,2015/9/22 11:52,,,,,,,,,
,2015/9/29 22:33,,,,,,,,,
,2015/10/1 19:27,,,,,,,,,
,2015/4/28 14:35,,,,,,,,,
,2015/4/29 10:52,,,,,,,,,
,2015/4/30 10:48,,,,,,,,,
,2015/5/1 18:07,,,,,,,,,
,2015/5/4 10:59,,,,,,,,,
,2015/5/5 11:16,,,,,,,,,
,2015/5/6 10:47,,,,,,,,,
,2015/5/7 10:49,,,,,,,,,
,2015/5/8 10:54,,,,,,,,,
,2015/5/11 11:03,,,,,,,,,
,2015/5/12 13:39,,,,,,,,,
,2015/5/13 11:03,,,,,,,,,
,2015/5/14 10:53,,,,,,,,,
,2015/5/18 11:04,,,,,,,,,
,2015/5/19 11:18,,,,,,,,,
,2015/5/20 11:05,,,,,,,,,
,2015/5/22 10:16,,,,,,,,,
,2015/5/26 11:17,,,,,,,,,
,2015/5/27 11:00,,,,,,,,,
,2015/5/28 13:33,,,,,,,,,
,2015/5/29 13:44,,,,,,,,,
,2015/6/1 11:02,,,,,,,,,
,2015/6/2 13:39,,,,,,,,,
,2015/6/3 11:08,,,,,,,,,
,2015/6/5 10:59,,,,,,,,,
,2015/6/8 11:13,,,,,,,,,
,2015/6/9 11:06,,,,,,,,,
,2015/6/11 13:22,,,,,,,,,
,2015/6/15 11:06,,,,,,,,,
,2015/6/16 13:28,,,,,,,,,
,2015/6/16 16:54,,,,,,,,,
,2015/6/17 11:06,,,,,,,,,
,2015/6/18 13:24,,,,,,,,,
,2015/6/19 13:34,,,,,,,,,
,2015/6/22 11:13,,,,,,,,,
,2015/6/23 11:21,,,,,,,,,
,2015/6/24 11:13,,,,,,,,,
,2015/6/25 11:15,,,,,,,,,
,2015/6/26 10:59,,,,,,,,,
,2015/6/29 11:21,,,,,,,,,
,2015/6/30 13:32,,,,,,,,,
,2015/7/1 13:18,,,,,,,,,
,2015/7/2 14:03,,,,,,,,,
,2015/7/6 11:22,,,,,,,,,
,2015/7/7 13:33,,,,,,,,,
,2015/7/8 13:27,,,,,,,,,
,2015/7/9 10:54,,,,,,,,,
,2015/7/10 14:53,,,,,,,,,
,2015/7/13 13:37,,,,,,,,,
,2015/7/13 16:25,,,,,,,,,
,2015/7/14 13:50,,,,,,,,,
,2015/7/15 11:18,,,,,,,,,
,2015/7/16 11:13,,,,,,,,,
,2015/7/17 14:23,,,,,,,,,
,2015/7/20 11:26,,,,,,,,,
,2015/7/21 16:47,,,,,,,,,
,2015/7/22 16:59,,,,,,,,,
,2015/7/23 11:34,,,,,,,,,
,2015/8/3 16:11,,,,,,,,,
,2015/8/4 11:16,,,,,,,,,
,2015/8/5 11:21,,,,,,,,,
,2015/8/6 11:21,,,,,,,,,
,2015/8/7 11:19,,,,,,,,,
,2015/8/10 11:15,,,,,,,,,
,2015/8/11 12:00,,,,,,,,,
,2015/8/12 12:09,,,,,,,,,
,2015/8/13 12:05,,,,,,,,,
,2015/9/2 12:57,,,,,,,,,
,2015/9/3 11:34,,,,,,,,,
,2015/9/4 11:33,,,,,,,,,
,2015/9/8 15:39,,,,,,,,,
,2015/9/9 11:17,,,,,,,,,
,2015/9/10 11:26,,,,,,,,,
,2015/9/10 18:15,,,,,,,,,
,2015/9/11 11:57,,,,,,,,,
,2015/9/14 11:09,,,,,,,,,
,2015/9/15 11:22,,,,,,,,,
,2015/9/16 11:08,,,,,,,,,
,2015/9/18 11:29,,,,,,,,,
,2015/9/21 11:11,,,,,,,,,
,2015/9/22 11:17,,,,,,,,,
,2015/9/23 13:19,,,,,,,,,
,2015/9/24 12:02,,,,,,,,,
,2015/9/24 18:05,,,,,,,,,
,2015/9/25 11:27,,,,,,,,,
,2015/9/28 11:32,,,,,,,,,
,2015/9/28 15:09,,,,,,,,,
,2015/9/28 15:11,,,,,,,,,
,2015/9/28 15:13,,,,,,,,,
,2015/9/28 15:31,,,,,,,,,
,2015/9/28 15:33,,,,,,,,,
,2015/9/28 15:41,,,,,,,,,
,2015/9/28 15:44,,,,,,,,,
,2015/9/29 11:22,,,,,,,,,
,2015/9/30 11:28,,,,,,,,,
,2015/10/1 11:17,,,,,,,,,
,2015/10/1 14:29,,,,,,,,,
,2015/10/2 13:42,,,,,,,,,
,2015/5/4 18:36,,,,,,,,,
,2015/5/5 15:23,,,,,,,,,
,2015/5/6 19:00,,,,,,,,,
,2015/5/8 17:07,,,,,,,,,
,2015/5/12 13:30,,,,,,,,,
,2015/6/10 19:26,,,,,,,,,
,2015/6/22 14:51,,,,,,,,,
,2015/8/7 18:21,,,,,,,,,
,2015/9/10 19:44,,,,,,,,,
,2015/6/11 16:28,,,,,,,,,
,2015/6/12 8:51,,,,,,,,,
,2015/6/15 10:33,,,,,,,,,
,2015/6/16 10:05,,,,,,,,,
,2015/6/18 9:33,,,,,,,,,
,2015/6/19 13:20,,,,,,,,,
,2015/6/22 8:51,,,,,,,,,
,2015/6/23 9:06,,,,,,,,,
,2015/6/24 9:09,,,,,,,,,
,2015/6/25 10:05,,,,,,,,,
,2015/6/26 9:02,,,,,,,,,
,2015/6/29 9:34,,,,,,,,,
,2015/6/30 9:31,,,,,,,,,
,2015/7/1 10:02,,,,,,,,,
,2015/7/2 8:59,,,,,,,,,
,2015/7/6 9:37,,,,,,,,,
,2015/7/7 8:58,,,,,,,,,
,2015/7/8 9:22,,,,,,,,,
,2015/7/9 9:32,,,,,,,,,
,2015/7/10 9:44,,,,,,,,,
,2015/7/13 9:17,,,,,,,,,
,2015/7/14 9:05,,,,,,,,,
,2015/7/15 9:32,,,,,,,,,
,2015/7/16 9:37,,,,,,,,,
,2015/7/17 9:31,,,,,,,,,
,2015/7/20 9:48,,,,,,,,,
,2015/7/22 9:54,,,,,,,,,
,2015/7/23 9:03,,,,,,,,,
,2015/7/27 9:08,,,,,,,,,
,2015/7/28 9:10,,,,,,,,,
,2015/7/29 9:20,,,,,,,,,
,2015/7/31 10:05,,,,,,,,,
,2015/8/3 9:25,,,,,,,,,
,2015/8/4 9:02,,,,,,,,,
,2015/8/5 9:12,,,,,,,,,
,2015/8/6 9:17,,,,,,,,,
,2015/8/7 9:06,,,,,,,,,
,2015/8/10 9:14,,,,,,,,,
,2015/8/11 9:12,,,,,,,,,
,2015/8/12 9:10,,,,,,,,,
,2015/8/13 8:56,,,,,,,,,
,2015/8/14 9:14,,,,,,,,,
,2015/8/17 9:20,,,,,,,,,
,2015/8/18 9:18,,,,,,,,,
,2015/8/19 9:18,,,,,,,,,
,2015/8/20 9:09,,,,,,,,,
,2015/8/21 9:08,,,,,,,,,
,2015/8/24 9:23,,,,,,,,,
,2015/8/25 9:15,,,,,,,,,
,2015/8/27 9:23,,,,,,,,,
,2015/9/8 10:03,,,,,,,,,
,2015/9/9 10:06,,,,,,,,,
,2015/9/10 10:11,,,,,,,,,
,2015/9/11 10:07,,,,,,,,,
,2015/9/14 10:22,,,,,,,,,
,2015/9/15 10:22,,,,,,,,,
,2015/9/16 10:12,,,,,,,,,
,2015/9/18 10:07,,,,,,,,,
,2015/9/21 10:32,,,,,,,,,
,2015/9/25 10:15,,,,,,,,,
,2015/9/28 10:30,,,,,,,,,
,2015/9/29 10:17,,,,,,,,,
,2015/10/1 10:22,,,,,,,,,
,2015/10/2 9:58,,,,,,,,,
,2015/5/13 18:45,,,,,,,,,
,2015/5/15 15:24,,,,,,,,,
,2015/5/15 18:04,,,,,,,,,
,2015/5/18 12:58,,,,,,,,,
,2015/5/19 10:53,,,,,,,,,
,2015/5/19 12:58,,,,,,,,,
,2015/5/19 15:07,,,,,,,,,
,2015/5/19 20:09,,,,,,,,,
,2015/5/20 10:47,,,,,,,,,
,2015/5/28 10:58,,,,,,,,,
,2015/5/29 10:39,,,,,,,,,
,2015/5/29 13:14,,,,,,,,,
,2015/6/1 11:03,,,,,,,,,
,2015/6/1 17:29,,,,,,,,,
,2015/6/2 10:08,,,,,,,,,
,2015/6/3 10:31,,,,,,,,,
,2015/6/4 10:15,,,,,,,,,
,2015/6/5 10:49,,,,,,,,,
,2015/6/5 18:29,,,,,,,,,
,2015/6/8 10:37,,,,,,,,,
,2015/6/8 11:50,,,,,,,,,
,2015/6/8 12:17,,,,,,,,,
,2015/6/9 10:58,,,,,,,,,
,2015/6/10 10:42,,,,,,,,,
,2015/6/12 10:59,,,,,,,,,
,2015/6/12 17:59,,,,,,,,,
,2015/6/15 14:52,,,,,,,,,
,2015/6/16 19:52,,,,,,,,,
,2015/6/16 21:07,,,,,,,,,
,2015/6/17 10:57,,,,,,,,,
,2015/6/22 11:07,,,,,,,,,
,2015/6/23 11:05,,,,,,,,,
,2015/6/24 17:56,,,,,,,,,
,2015/6/26 9:25,,,,,,,,,
,2015/7/7 14:42,,,,,,,,,
,2015/7/8 11:15,,,,,,,,,
,2015/7/15 16:09,,,,,,,,,
,2015/7/20 19:35,,,,,,,,,
,2015/7/20 19:38,,,,,,,,,
,2015/7/21 10:56,,,,,,,,,
,2015/7/22 10:33,,,,,,,,,
,2015/7/24 11:06,,,,,,,,,
,2015/7/24 18:00,,,,,,,,,
,2015/7/28 11:04,,,,,,,,,
,2015/7/29 11:05,,,,,,,,,
,2015/7/30 11:00,,,,,,,,,
,2015/7/31 17:58,,,,,,,,,
,2015/8/3 18:45,,,,,,,,,
,2015/8/12 10:53,,,,,,,,,
,2015/8/14 11:13,,,,,,,,,
,2015/8/14 16:28,,,,,,,,,
,2015/8/21 11:28,,,,,,,,,
,2015/8/24 11:01,,,,,,,,,
,2015/8/26 10:56,,,,,,,,,
,2015/8/27 11:03,,,,,,,,,
,2015/8/28 11:15,,,,,,,,,
,2015/8/28 18:00,,,,,,,,,
,2015/9/2 10:28,,,,,,,,,
,2015/9/2 21:25,,,,,,,,,
,2015/9/3 11:02,,,,,,,,,
,2015/9/3 17:00,,,,,,,,,
,2015/9/8 10:27,,,,,,,,,
,2015/9/9 10:24,,,,,,,,,
,2015/9/10 10:37,,,,,,,,,
,2015/9/11 10:29,,,,,,,,,
,2015/9/11 20:41,,,,,,,,,
,2015/9/15 11:01,,,,,,,,,
,2015/9/16 10:54,,,,,,,,,
,2015/9/17 11:06,,,,,,,,,
,2015/9/18 10:35,,,,,,,,,
,2015/9/21 10:32,,,,,,,,,
,2015/9/22 10:33,,,,,,,,,
,2015/9/23 10:08,,,,,,,,,
,2015/9/23 14:01,,,,,,,,,
,2015/9/25 10:35,,,,,,,,,
,2015/9/25 17:56,,,,,,,,,
,2015/9/28 10:28,,,,,,,,,
,2015/9/28 10:30,,,,,,,,,
,2015/9/29 20:27,,,,,,,,,
,2015/9/30 10:10,,,,,,,,,
,2015/6/18 12:11,,,,,,,,,
,2015/7/16 12:02,,,,,,,,,
,2015/7/17 11:53,,,,,,,,,
,2015/7/23 12:19,,,,,,,,,
,2015/7/24 18:21,,,,,,,,,
,2015/5/20 16:27,,,,,,,,,
,2015/6/3 17:28,,,,,,,,,
,2015/6/4 17:23,,,,,,,,,
,2015/6/9 19:14,,,,,,,,,
,2015/6/10 10:45,,,,,,,,,
,2015/6/10 16:35,,,,,,,,,
,2015/6/11 15:39,,,,,,,,,
,2015/6/15 15:32,,,,,,,,,
,2015/6/17 15:13,,,,,,,,,
,2015/6/17 18:48,,,,,,,,,
,2015/6/18 16:08,,,,,,,,,
,2015/6/18 19:51,,,,,,,,,
,2015/6/23 16:51,,,,,,,,,
,2015/6/25 12:09,,,,,,,,,
,2015/6/29 17:56,,,,,,,,,
,2015/7/2 12:15,,,,,,,,,
,2015/7/9 16:37,,,,,,,,,
,2015/7/13 17:58,,,,,,,,,
,2015/9/11 15:01,,,,,,,,,
,2015/9/14 17:54,,,,,,,,,
,2015/9/18 16:51,,,,,,,,,
,2015/6/4 11:36,,,,,,,,,
,2015/6/5 12:29,,,,,,,,,
,2015/6/5 15:53,,,,,,,,,
,2015/6/8 17:34,,,,,,,,,
,2015/6/9 17:57,,,,,,,,,
,2015/6/10 11:50,,,,,,,,,
,2015/6/11 17:16,,,,,,,,,
,2015/6/12 12:31,,,,,,,,,
,2015/6/15 12:46,,,,,,,,,
,2015/6/15 17:39,,,,,,,,,
,2015/6/16 16:58,,,,,,,,,
,2015/6/17 14:31,,,,,,,,,
,2015/6/18 11:48,,,,,,,,,
,2015/6/18 17:42,,,,,,,,,
,2015/6/19 13:12,,,,,,,,,
,2015/6/19 17:02,,,,,,,,,
,2015/6/22 12:28,,,,,,,,,
,2015/6/22 16:49,,,,,,,,,
,2015/6/23 17:57,,,,,,,,,
,2015/6/24 12:47,,,,,,,,,
,2015/6/24 18:04,,,,,,,,,
,2015/6/25 12:01,,,,,,,,,
,2015/6/26 13:55,,,,,,,,,
,2015/7/6 18:09,,,,,,,,,
,2015/7/7 14:01,,,,,,,,,
,2015/7/7 19:51,,,,,,,,,
,2015/7/8 13:15,,,,,,,,,
,2015/7/14 11:49,,,,,,,,,
,2015/7/15 12:38,,,,,,,,,
,2015/7/15 12:48,,,,,,,,,
,2015/7/16 11:51,,,,,,,,,
,2015/7/16 17:31,,,,,,,,,
,2015/7/20 18:07,,,,,,,,,
,2015/7/21 11:46,,,,,,,,,
,2015/7/21 16:41,,,,,,,,,
,2015/7/22 11:49,,,,,,,,,
,2015/7/23 11:42,,,,,,,,,
,2015/7/23 16:52,,,,,,,,,
,2015/7/24 17:04,,,,,,,,,
,2015/7/27 16:30,,,,,,,,,
,2015/7/28 17:39,,,,,,,,,
,2015/7/29 17:16,,,,,,,,,
,2015/7/31 12:35,,,,,,,,,
,2015/8/3 17:47,,,,,,,,,
,2015/8/4 11:51,,,,,,,,,
,2015/8/4 17:23,,,,,,,,,
,2015/8/5 12:12,,,,,,,,,
,2015/8/5 17:14,,,,,,,,,
,2015/8/6 11:52,,,,,,,,,
,2015/8/6 17:18,,,,,,,,,
,2015/8/7 17:24,,,,,,,,,
,2015/8/10 12:04,,,,,,,,,
,2015/8/10 17:49,,,,,,,,,
,2015/8/11 17:02,,,,,,,,,
,2015/8/12 11:41,,,,,,,,,
,2015/8/12 17:19,,,,,,,,,
,2015/8/13 16:55,,,,,,,,,
,2015/8/14 12:59,,,,,,,,,
,2015/8/14 16:53,,,,,,,,,
,2015/8/17 12:09,,,,,,,,,
,2015/8/17 18:00,,,,,,,,,
,2015/8/18 16:42,,,,,,,,,
,2015/8/19 11:45,,,,,,,,,
,2015/8/20 11:51,,,,,,,,,
,2015/8/21 11:54,,,,,,,,,
,2015/8/24 12:41,,,,,,,,,
,2015/8/24 17:46,,,,,,,,,
,2015/8/25 12:51,,,,,,,,,
,2015/8/25 17:34,,,,,,,,,
,2015/8/26 12:32,,,,,,,,,
,2015/8/26 16:25,,,,,,,,,
,2015/8/27 11:48,,,,,,,,,
,2015/8/27 17:51,,,,,,,,,
,2015/8/31 14:14,,,,,,,,,
,2015/8/31 17:35,,,,,,,,,
,2015/9/1 17:34,,,,,,,,,
,2015/9/2 12:57,,,,,,,,,
,2015/9/2 17:18,,,,,,,,,
,2015/9/3 11:58,,,,,,,,,
,2015/9/3 17:12,,,,,,,,,
,2015/9/8 11:49,,,,,,,,,
,2015/9/8 16:56,,,,,,,,,
,2015/9/9 12:19,,,,,,,,,
,2015/9/10 11:32,,,,,,,,,
,2015/9/11 11:52,,,,,,,,,
,2015/9/11 17:21,,,,,,,,,
,2015/9/14 13:34,,,,,,,,,
,2015/9/14 17:55,,,,,,,,,
,2015/9/15 17:15,,,,,,,,,
,2015/9/16 10:33,,,,,,,,,
,2015/9/17 11:55,,,,,,,,,
,2015/9/17 17:12,,,,,,,,,
,2015/9/22 12:04,,,,,,,,,
,2015/9/22 16:39,,,,,,,,,
,2015/9/23 12:30,,,,,,,,,
,2015/9/24 11:44,,,,,,,,,
,2015/9/24 17:27,,,,,,,,,
,2015/9/25 12:35,,,,,,,,,
,2015/9/28 11:39,,,,,,,,,
,2015/9/28 16:59,,,,,,,,,
,2015/9/29 12:09,,,,,,,,,
,2015/9/29 17:56,,,,,,,,,
,2015/9/30 11:54,,,,,,,,,
,2015/10/1 11:33,,,,,,,,,
,2015/10/1 16:54,,,,,,,,,
,2015/10/2 16:59,,,,,,,,,
,2015/6/30 12:10,,,,,,,,,
,2015/7/1 12:13,,,,,,,,,
,2015/8/28 12:54,,,,,,,,,
,2015/9/3 16:06,,,,,,,,,
,2015/9/15 11:53,,,,,,,,,
,2015/9/17 12:11,,,,,,,,,
,2015/10/1 12:39,,,,,,,,,
,2015/6/15 11:18,,,,,,,,,
,2015/6/16 13:03,,,,,,,,,
,2015/6/19 11:16,,,,,,,,,
,2015/6/22 11:12,,,,,,,,,
,2015/6/23 11:10,,,,,,,,,
,2015/6/24 11:13,,,,,,,,,
,2015/6/25 11:14,,,,,,,,,
,2015/6/26 11:12,,,,,,,,,
,2015/7/7 11:24,,,,,,,,,
,2015/7/8 11:06,,,,,,,,,
,2015/7/10 11:12,,,,,,,,,
,2015/7/13 11:16,,,,,,,,,
,2015/7/15 11:18,,,,,,,,,
,2015/7/16 11:20,,,,,,,,,
,2015/7/17 11:12,,,,,,,,,
,2015/7/20 11:14,,,,,,,,,
,2015/7/21 11:10,,,,,,,,,
,2015/7/22 11:22,,,,,,,,,
,2015/7/23 11:20,,,,,,,,,
,2015/7/24 11:18,,,,,,,,,
,2015/7/27 11:19,,,,,,,,,
,2015/7/28 11:13,,,,,,,,,
,2015/7/29 11:24,,,,,,,,,
,2015/7/30 11:10,,,,,,,,,
,2015/8/4 11:13,,,,,,,,,
,2015/8/5 11:14,,,,,,,,,
,2015/8/6 11:13,,,,,,,,,
,2015/8/10 16:24,,,,,,,,,
,2015/8/11 11:25,,,,,,,,,
,2015/8/12 11:34,,,,,,,,,
,2015/8/13 11:09,,,,,,,,,
,2015/8/14 11:19,,,,,,,,,
,2015/8/17 11:15,,,,,,,,,
,2015/8/19 11:16,,,,,,,,,
,2015/8/20 11:14,,,,,,,,,
,2015/8/21 11:15,,,,,,,,,
,2015/8/24 16:09,,,,,,,,,
,2015/8/25 11:18,,,,,,,,,
,2015/8/26 11:14,,,,,,,,,
,2015/8/27 11:18,,,,,,,,,
,2015/8/31 11:15,,,,,,,,,
,2015/9/1 15:25,,,,,,,,,
,2015/9/2 11:13,,,,,,,,,
,2015/9/3 11:17,,,,,,,,,
,2015/9/4 11:20,,,,,,,,,
,2015/9/4 16:51,,,,,,,,,
,2015/9/8 11:20,,,,,,,,,
,2015/9/11 11:16,,,,,,,,,
,2015/9/15 11:17,,,,,,,,,
,2015/9/16 15:28,,,,,,,,,
,2015/9/17 11:22,,,,,,,,,
,2015/9/18 11:22,,,,,,,,,
,2015/9/21 11:27,,,,,,,,,
,2015/9/28 11:19,,,,,,,,,
,2015/9/29 11:23,,,,,,,,,
,2015/9/30 11:23,,,,,,,,,
,2015/10/1 11:23,,,,,,,,,
,2015/10/2 11:19,,,,,,,,,
,2015/6/30 12:57,,,,,,,,,
,2015/7/2 12:22,,,,,,,,,
,2015/7/6 12:42,,,,,,,,,
,2015/7/7 12:44,,,,,,,,,
,2015/7/8 13:29,,,,,,,,,
,2015/7/9 13:35,,,,,,,,,
,2015/7/10 12:30,,,,,,,,,
,2015/7/13 13:03,,,,,,,,,
,2015/7/14 13:19,,,,,,,,,
,2015/7/15 12:56,,,,,,,,,
,2015/7/16 12:33,,,,,,,,,
,2015/7/17 12:42,,,,,,,,,
,2015/7/20 12:38,,,,,,,,,
,2015/7/21 12:50,,,,,,,,,
,2015/7/22 12:39,,,,,,,,,
,2015/7/23 12:37,,,,,,,,,
,2015/7/24 12:27,,,,,,,,,
,2015/7/28 20:21,,,,,,,,,
,2015/7/29 12:50,,,,,,,,,
,2015/7/29 14:45,,,,,,,,,
,2015/7/30 12:56,,,,,,,,,
,2015/7/31 12:28,,,,,,,,,
,2015/8/3 12:54,,,,,,,,,
,2015/8/3 17:30,,,,,,,,,
,2015/8/4 11:50,,,,,,,,,
,2015/8/5 12:52,,,,,,,,,
,2015/8/6 11:58,,,,,,,,,
,2015/8/7 11:51,,,,,,,,,
,2015/8/10 11:56,,,,,,,,,
,2015/8/11 11:55,,,,,,,,,
,2015/8/12 11:41,,,,,,,,,
,2015/8/13 12:00,,,,,,,,,
,2015/8/14 11:53,,,,,,,,,
,2015/8/17 12:23,,,,,,,,,
,2015/8/18 16:56,,,,,,,,,
,2015/8/19 12:31,,,,,,,,,
,2015/8/20 12:26,,,,,,,,,
,2015/8/21 13:02,,,,,,,,,
,2015/8/24 12:49,,,,,,,,,
,2015/8/25 12:43,,,,,,,,,
,2015/8/26 12:39,,,,,,,,,
,2015/8/27 12:26,,,,,,,,,
,2015/8/28 12:21,,,,,,,,,
,2015/8/31 12:44,,,,,,,,,
,2015/9/1 12:29,,,,,,,,,
,2015/9/2 12:49,,,,,,,,,
,2015/9/3 12:28,,,,,,,,,
,2015/9/8 12:42,,,,,,,,,
,2015/9/11 19:28,,,,,,,,,
,2015/9/14 12:44,,,,,,,,,
,2015/9/15 12:42,,,,,,,,,
,2015/9/16 12:52,,,,,,,,,
,2015/9/17 20:09,,,,,,,,,
,2015/9/18 12:33,,,,,,,,,
,2015/9/21 12:45,,,,,,,,,
,2015/9/22 12:51,,,,,,,,,
,2015/9/23 15:10,,,,,,,,,
,2015/9/24 13:06,,,,,,,,,
,2015/9/25 12:45,,,,,,,,,
,2015/9/25 17:12,,,,,,,,,
,2015/9/29 12:42,,,,,,,,,
,2015/9/30 12:43,,,,,,,,,
,2015/10/1 12:41,,,,,,,,,
,2015/10/2 12:29,,,,,,,,,
,2015/6/18 17:18,,,,,,,,,
,2015/6/19 11:11,,,,,,,,,
,2015/6/22 11:12,,,,,,,,,
,2015/6/24 11:00,,,,,,,,,
,2015/7/6 16:02,,,,,,,,,
,2015/7/7 10:53,,,,,,,,,
,2015/7/8 17:35,,,,,,,,,
,2015/7/15 10:57,,,,,,,,,
,2015/7/16 17:01,,,,,,,,,
,2015/8/13 16:36,,,,,,,,,
,2015/9/23 11:39,,,,,,,,,
,2015/6/25 11:37,,,,,,,,,
,2015/6/26 12:23,,,,,,,,,
,2015/6/29 11:53,,,,,,,,,
,2015/6/30 18:05,,,,,,,,,
,2015/7/1 11:26,,,,,,,,,
,2015/7/1 16:39,,,,,,,,,
,2015/7/2 11:43,,,,,,,,,
,2015/7/6 11:55,,,,,,,,,
,2015/7/7 11:53,,,,,,,,,
,2015/7/8 16:27,,,,,,,,,
,2015/7/9 17:41,,,,,,,,,
,2015/7/10 11:59,,,,,,,,,
,2015/7/22 12:10,,,,,,,,,
,2015/7/23 11:42,,,,,,,,,
,2015/7/24 11:41,,,,,,,,,
,2015/7/27 14:18,,,,,,,,,
,2015/7/28 11:59,,,,,,,,,
,2015/7/30 11:59,,,,,,,,,
,2015/8/3 11:37,,,,,,,,,
,2015/8/5 12:21,,,,,,,,,
,2015/8/10 11:43,,,,,,,,,
,2015/8/13 11:39,,,,,,,,,
,2015/8/14 11:40,,,,,,,,,
,2015/8/17 11:50,,,,,,,,,
,2015/8/18 12:06,,,,,,,,,
,2015/8/19 12:00,,,,,,,,,
,2015/8/20 12:27,,,,,,,,,
,2015/8/20 17:35,,,,,,,,,
,2015/8/21 11:33,,,,,,,,,
,2015/8/24 11:56,,,,,,,,,
,2015/8/26 11:49,,,,,,,,,
,2015/8/27 12:02,,,,,,,,,
,2015/8/28 12:40,,,,,,,,,
,2015/8/31 12:06,,,,,,,,,
,2015/9/1 11:42,,,,,,,,,
,2015/9/2 12:10,,,,,,,,,
,2015/9/3 12:14,,,,,,,,,
,2015/9/8 11:52,,,,,,,,,
,2015/9/9 11:56,,,,,,,,,
,2015/9/10 12:14,,,,,,,,,
,2015/9/11 12:18,,,,,,,,,
,2015/9/14 12:20,,,,,,,,,
,2015/9/15 12:14,,,,,,,,,
,2015/9/16 12:02,,,,,,,,,
,2015/9/17 12:19,,,,,,,,,
,2015/9/17 17:24,,,,,,,,,
,2015/9/21 11:53,,,,,,,,,
,2015/9/23 11:54,,,,,,,,,
,2015/9/24 13:13,,,,,,,,,
,2015/9/28 12:13,,,,,,,,,
,2015/6/26 14:49,,,,,,,,,
,2015/6/29 14:22,,,,,,,,,
,2015/6/30 12:41,,,,,,,,,
,2015/7/1 12:43,,,,,,,,,
,2015/7/1 16:42,,,,,,,,,
,2015/7/7 13:17,,,,,,,,,
,2015/7/8 13:15,,,,,,,,,
,2015/7/9 14:03,,,,,,,,,
,2015/7/10 12:59,,,,,,,,,
,2015/7/13 13:22,,,,,,,,,
,2015/7/14 17:12,,,,,,,,,
,2015/7/15 13:21,,,,,,,,,
,2015/7/16 13:30,,,,,,,,,
,2015/7/16 17:11,,,,,,,,,
,2015/7/17 14:31,,,,,,,,,
,2015/7/20 13:27,,,,,,,,,
,2015/7/22 13:07,,,,,,,,,
,2015/7/23 13:56,,,,,,,,,
,2015/7/27 15:54,,,,,,,,,
,2015/7/28 14:47,,,,,,,,,
,2015/7/29 15:42,,,,,,,,,
,2015/7/30 13:38,,,,,,,,,
,2015/8/3 14:04,,,,,,,,,
,2015/8/4 13:43,,,,,,,,,
,2015/8/4 16:42,,,,,,,,,
,2015/8/5 14:30,,,,,,,,,
,2015/8/6 13:07,,,,,,,,,
,2015/8/17 13:03,,,,,,,,,
,2015/8/18 13:07,,,,,,,,,
,2015/8/20 13:25,,,,,,,,,
,2015/8/21 13:08,,,,,,,,,
,2015/8/24 13:21,,,,,,,,,
,2015/8/25 13:53,,,,,,,,,
,2015/8/26 15:08,,,,,,,,,
,2015/8/28 14:09,,,,,,,,,
,2015/8/31 13:26,,,,,,,,,
,2015/9/1 13:27,,,,,,,,,
,2015/9/2 14:06,,,,,,,,,
,2015/9/3 10:48,,,,,,,,,
,2015/9/4 14:09,,,,,,,,,
,2015/9/9 14:53,,,,,,,,,
,2015/9/10 13:19,,,,,,,,,
,2015/9/11 13:04,,,,,,,,,
,2015/9/14 13:32,,,,,,,,,
,2015/9/15 13:19,,,,,,,,,
,2015/9/16 14:08,,,,,,,,,
,2015/9/17 12:40,,,,,,,,,
,2015/9/17 17:21,,,,,,,,,
,2015/9/21 15:28,,,,,,,,,
,2015/9/22 17:01,,,,,,,,,
,2015/9/23 15:00,,,,,,,,,
,2015/9/24 15:20,,,,,,,,,
,2015/9/25 13:02,,,,,,,,,
,2015/9/25 17:24,,,,,,,,,
,2015/9/28 15:59,,,,,,,,,
,2015/9/29 13:09,,,,,,,,,
,2015/10/1 13:05,,,,,,,,,
,2015/6/24 16:41,,,,,,,,,
,2015/6/26 12:11,,,,,,,,,
,2015/6/26 16:25,,,,,,,,,
,2015/7/6 12:02,,,,,,,,,
,2015/7/6 16:38,,,,,,,,,
,2015/7/7 16:15,,,,,,,,,
,2015/7/8 18:53,,,,,,,,,
,2015/7/9 12:20,,,,,,,,,
,2015/7/13 16:41,,,,,,,,,
,2015/7/14 12:35,,,,,,,,,
,2015/7/15 16:48,,,,,,,,,
,2015/7/21 16:07,,,,,,,,,
,2015/7/22 16:36,,,,,,,,,
,2015/7/23 16:16,,,,,,,,,
,2015/7/24 12:11,,,,,,,,,
,2015/7/27 16:42,,,,,,,,,
,2015/7/28 16:03,,,,,,,,,
,2015/7/29 16:45,,,,,,,,,
,2015/7/30 17:33,,,,,,,,,
,2015/7/31 11:57,,,,,,,,,
,2015/8/3 16:28,,,,,,,,,
,2015/8/4 16:27,,,,,,,,,
,2015/8/5 16:52,,,,,,,,,
,2015/8/13 15:59,,,,,,,,,
,2015/8/14 16:34,,,,,,,,,
,2015/8/17 12:59,,,,,,,,,
,2015/8/18 16:48,,,,,,,,,
,2015/8/19 12:07,,,,,,,,,
,2015/8/19 17:00,,,,,,,,,
,2015/8/20 16:35,,,,,,,,,
,2015/8/21 12:04,,,,,,,,,
,2015/8/21 16:32,,,,,,,,,
,2015/8/24 16:27,,,,,,,,,
,2015/8/25 16:30,,,,,,,,,
,2015/8/26 16:40,,,,,,,,,
,2015/8/28 16:51,,,,,,,,,
,2015/8/31 16:00,,,,,,,,,
,2015/9/1 12:05,,,,,,,,,
,2015/9/15 11:42,,,,,,,,,
,2015/9/17 16:55,,,,,,,,,
,2015/9/22 16:37,,,,,,,,,
,2015/9/23 16:35,,,,,,,,,
,2015/9/25 17:08,,,,,,,,,
,2015/10/2 18:41,,,,,,,,,
,2015/10/2 18:43,,,,,,,,,
,2015/10/2 18:46,,,,,,,,,
,2015/6/30 15:04,,,,,,,,,
,2015/7/1 11:20,,,,,,,,,
,2015/7/2 9:52,,,,,,,,,
,2015/7/20 11:46,,,,,,,,,
,2015/7/21 11:35,,,,,,,,,
,2015/7/22 11:09,,,,,,,,,
,2015/7/22 19:49,,,,,,,,,
,2015/7/23 10:47,,,,,,,,,
,2015/7/24 10:17,,,,,,,,,
,2015/7/24 19:31,,,,,,,,,
,2015/7/27 11:11,,,,,,,,,
,2015/7/28 10:45,,,,,,,,,
,2015/7/29 10:34,,,,,,,,,
,2015/7/30 10:59,,,,,,,,,
,2015/8/10 11:11,,,,,,,,,
,2015/8/12 11:22,,,,,,,,,
,2015/8/13 11:22,,,,,,,,,
,2015/8/14 10:46,,,,,,,,,
,2015/8/17 11:21,,,,,,,,,
,2015/8/18 10:41,,,,,,,,,
,2015/8/19 10:42,,,,,,,,,
,2015/8/21 10:54,,,,,,,,,
,2015/8/24 10:58,,,,,,,,,
,2015/8/25 10:51,,,,,,,,,
,2015/8/26 11:00,,,,,,,,,
,2015/8/27 11:25,,,,,,,,,
,2015/8/28 11:05,,,,,,,,,
,2015/9/1 10:43,,,,,,,,,
,2015/9/2 11:35,,,,,,,,,
,2015/9/8 10:49,,,,,,,,,
,2015/9/9 11:15,,,,,,,,,
,2015/9/10 11:20,,,,,,,,,
,2015/9/11 10:44,,,,,,,,,
,2015/9/11 17:22,,,,,,,,,
,2015/9/14 11:30,,,,,,,,,
,2015/9/15 10:49,,,,,,,,,
,2015/9/15 17:07,,,,,,,,,
,2015/9/16 11:14,,,,,,,,,
,2015/9/17 11:11,,,,,,,,,
,2015/9/21 10:55,,,,,,,,,
,2015/9/22 10:47,,,,,,,,,
,2015/9/23 11:14,,,,,,,,,
,2015/9/23 18:40,,,,,,,,,
,2015/9/24 11:19,,,,,,,,,
,2015/9/25 11:49,,,,,,,,,
,2015/9/25 17:00,,,,,,,,,
,2015/9/29 10:47,,,,,,,,,
,2015/9/30 10:51,,,,,,,,,
,2015/9/30 10:54,,,,,,,,,
,2015/10/2 11:34,,,,,,,,,
,2015/10/2 17:36,,,,,,,,,
,2015/10/2 20:15,,,,,,,,,
,2015/7/30 15:32,,,,,,,,,
,2015/8/1 11:53,,,,,,,,,
,2015/8/4 9:56,,,,,,,,,
,2015/8/11 15:49,,,,,,,,,
,2015/8/12 9:07,,,,,,,,,
,2015/8/13 15:43,,,,,,,,,
,2015/8/17 9:16,,,,,,,,,
,2015/8/18 15:05,,,,,,,,,
,2015/8/19 8:59,,,,,,,,,
,2015/8/20 12:13,,,,,,,,,
,2015/8/21 18:05,,,,,,,,,
,2015/8/22 9:49,,,,,,,,,
,2015/8/24 9:05,,,,,,,,,
,2015/8/27 8:59,,,,,,,,,
,2015/8/28 11:34,,,,,,,,,
,2015/8/29 9:54,,,,,,,,,
,2015/9/2 9:20,,,,,,,,,
,2015/9/3 16:02,,,,,,,,,
,2015/9/9 9:47,,,,,,,,,
,2015/9/12 15:28,,,,,,,,,
,2015/9/15 9:07,,,,,,,,,
,2015/9/17 8:59,,,,,,,,,
,2015/9/21 9:00,,,,,,,,,
,2015/9/23 15:45,,,,,,,,,
,2015/9/25 15:54,,,,,,,,,
,2015/9/26 15:33,,,,,,,,,
,2015/9/29 9:48,,,,,,,,,
,2015/9/30 14:34,,,,,,,,,
,2015/10/1 9:04,,,,,,,,,
,2015/10/1 12:10,,,,,,,,,
,2015/10/2 9:54,,,,,,,,,
,2015/8/4 15:31,,,,,,,,,
,2015/8/17 20:42,,,,,,,,,
,2015/8/18 11:57,,,,,,,,,
,2015/8/19 16:09,,,,,,,,,
,2015/8/31 16:59,,,,,,,,,
,2015/9/2 18:58,,,,,,,,,
,2015/9/8 18:52,,,,,,,,,
,2015/9/10 12:55,,,,,,,,,
,2015/10/1 20:55,,,,,,,,,
,2015/10/1 21:02,,,,,,,,,
,2015/7/13 19:36,,,,,,,,,
,2015/7/13 20:16,,,,,,,,,
,2015/7/21 12:46,,,,,,,,,
,2015/7/23 11:48,,,,,,,,,
,2015/7/23 19:33,,,,,,,,,
,2015/7/24 12:16,,,,,,,,,
,2015/7/31 23:37,,,,,,,,,
,2015/8/3 16:01,,,,,,,,,
,2015/8/4 11:37,,,,,,,,,
,2015/8/6 11:17,,,,,,,,,
,2015/8/7 16:49,,,,,,,,,
,2015/8/10 11:17,,,,,,,,,
,2015/8/11 11:03,,,,,,,,,
,2015/8/12 11:28,,,,,,,,,
,2015/8/14 10:50,,,,,,,,,
,2015/8/18 11:04,,,,,,,,,
,2015/8/19 10:54,,,,,,,,,
,2015/8/20 10:58,,,,,,,,,
,2015/8/24 11:00,,,,,,,,,
,2015/8/27 10:47,,,,,,,,,
,2015/8/28 10:50,,,,,,,,,
,2015/8/31 10:57,,,,,,,,,
,2015/9/1 11:02,,,,,,,,,
,2015/9/2 10:58,,,,,,,,,
,2015/9/2 15:55,,,,,,,,,
,2015/9/3 18:52,,,,,,,,,
,2015/9/9 19:45,,,,,,,,,
,2015/9/14 13:50,,,,,,,,,
,2015/9/15 11:22,,,,,,,,,
,2015/9/18 10:54,,,,,,,,,
,2015/9/24 10:51,,,,,,,,,
,2015/9/24 16:28,,,,,,,,,
,2015/9/25 10:51,,,,,,,,,
,2015/9/26 11:01,,,,,,,,,
,2015/9/27 10:56,,,,,,,,,
,2015/10/1 10:58,,,,,,,,,
,2015/10/2 12:09,,,,,,,,,
,2015/7/21 20:39,,,,,,,,,
,2015/7/22 15:54,,,,,,,,,
,2015/7/23 11:47,,,,,,,,,
,2015/7/24 15:22,,,,,,,,,
,2015/8/3 18:18,,,,,,,,,
,2015/9/25 11:26,,,,,,,,,
,2015/7/21 10:15,,,,,,,,,
,2015/7/22 11:14,,,,,,,,,
,2015/7/23 10:32,,,,,,,,,
,2015/7/27 10:39,,,,,,,,,
,2015/7/28 10:43,,,,,,,,,
,2015/7/29 11:22,,,,,,,,,
,2015/7/30 11:18,,,,,,,,,
,2015/7/31 11:30,,,,,,,,,
,2015/8/3 19:54,,,,,,,,,
,2015/8/13 11:33,,,,,,,,,
,2015/7/24 18:16,,,,,,,,,
,2015/7/27 11:03,,,,,,,,,
,2015/7/27 15:50,,,,,,,,,
,2015/7/28 11:04,,,,,,,,,
,2015/7/29 11:03,,,,,,,,,
,2015/7/29 16:00,,,,,,,,,
,2015/7/30 16:42,,,,,,,,,
,2015/7/31 16:31,,,,,,,,,
,2015/8/3 10:57,,,,,,,,,
,2015/8/4 11:04,,,,,,,,,
,2015/8/5 11:05,,,,,,,,,
,2015/8/6 11:14,,,,,,,,,
,2015/8/10 15:04,,,,,,,,,
,2015/8/12 11:10,,,,,,,,,
,2015/8/12 15:40,,,,,,,,,
,2015/8/13 11:09,,,,,,,,,
,2015/8/17 11:09,,,,,,,,,
,2015/8/17 16:04,,,,,,,,,
,2015/8/18 11:05,,,,,,,,,
,2015/8/19 11:12,,,,,,,,,
,2015/8/20 10:18,,,,,,,,,
,2015/8/21 11:24,,,,,,,,,
,2015/8/21 16:04,,,,,,,,,
,2015/8/24 16:11,,,,,,,,,
,2015/8/25 11:02,,,,,,,,,
,2015/8/26 11:08,,,,,,,,,
,2015/8/26 15:52,,,,,,,,,
,2015/8/27 10:37,,,,,,,,,
,2015/9/10 11:08,,,,,,,,,
,2015/9/11 11:07,,,,,,,,,
,2015/9/14 11:15,,,,,,,,,
,2015/9/15 11:02,,,,,,,,,
,2015/9/16 11:19,,,,,,,,,
,2015/9/17 11:11,,,,,,,,,
,2015/9/21 11:12,,,,,,,,,
,2015/9/22 11:22,,,,,,,,,
,2015/9/23 11:20,,,,,,,,,
,2015/9/23 15:30,,,,,,,,,
,2015/9/25 11:25,,,,,,,,,
,2015/9/25 16:34,,,,,,,,,
,2015/9/28 12:11,,,,,,,,,
,2015/9/28 16:46,,,,,,,,,
,2015/9/29 11:20,,,,,,,,,
,2015/9/30 11:24,,,,,,,,,
,2015/9/30 15:54,,,,,,,,,
,2015/10/1 11:23,,,,,,,,,
,2015/9/25 17:27,,,,,,,,,
,2015/9/25 17:31,,,,,,,,,
,2015/9/29 15:01,,,,,,,,,
,2015/7/30 16:45,,,,,,,,,
,2015/8/12 16:11,,,,,,,,,
,2015/9/10 16:32,,,,,,,,,
,2015/9/11 17:02,,,,,,,,,
,2015/9/14 16:25,,,,,,,,,
,2015/9/17 11:44,,,,,,,,,
,2015/9/22 16:40,,,,,,,,,
,2015/9/25 19:10,,,,,,,,,
,2015/9/30 17:02,,,,,,,,,
,2015/10/2 19:16,,,,,,,,,
,2015/10/2 19:18,,,,,,,,,
,2015/8/3 16:40,,,,,,,,,
,2015/8/4 16:59,,,,,,,,,
,2015/8/5 16:10,,,,,,,,,
,2015/8/6 16:11,,,,,,,,,
,2015/8/11 16:25,,,,,,,,,
,2015/8/12 16:08,,,,,,,,,
,2015/8/13 16:05,,,,,,,,,
,2015/8/14 16:01,,,,,,,,,
,2015/8/17 16:06,,,,,,,,,
,2015/8/18 16:35,,,,,,,,,
,2015/8/20 16:06,,,,,,,,,
,2015/8/21 16:18,,,,,,,,,
,2015/8/24 15:27,,,,,,,,,
,2015/8/25 15:47,,,,,,,,,
,2015/8/26 16:33,,,,,,,,,
,2015/8/27 16:30,,,,,,,,,
,2015/8/28 16:16,,,,,,,,,
,2015/8/31 15:52,,,,,,,,,
,2015/9/1 17:33,,,,,,,,,
,2015/9/2 15:59,,,,,,,,,
,2015/9/3 15:49,,,,,,,,,
,2015/9/8 16:20,,,,,,,,,
,2015/9/9 18:26,,,,,,,,,
,2015/9/10 16:27,,,,,,,,,
,2015/9/11 16:25,,,,,,,,,
,2015/9/14 16:46,,,,,,,,,
,2015/9/15 16:38,,,,,,,,,
,2015/9/16 16:21,,,,,,,,,
,2015/9/17 16:40,,,,,,,,,
,2015/9/21 16:32,,,,,,,,,
,2015/9/22 16:28,,,,,,,,,
,2015/9/23 16:33,,,,,,,,,
,2015/9/24 16:19,,,,,,,,,
,2015/9/25 16:09,,,,,,,,,
,2015/9/28 16:46,,,,,,,,,
,2015/9/29 16:40,,,,,,,,,
,2015/9/30 16:21,,,,,,,,,
,2015/10/1 16:36,,,,,,,,,
,2015/8/4 20:10,,,,,,,,,
,2015/8/5 11:23,,,,,,,,,
,2015/8/6 15:45,,,,,,,,,
,2015/8/7 11:09,,,,,,,,,
,2015/8/10 17:35,,,,,,,,,
,2015/8/11 11:03,,,,,,,,,
,2015/8/12 11:36,,,,,,,,,
,2015/8/13 11:14,,,,,,,,,
,2015/8/14 10:59,,,,,,,,,
,2015/8/17 11:55,,,,,,,,,
,2015/8/18 11:07,,,,,,,,,
,2015/8/19 11:03,,,,,,,,,
,2015/8/20 11:10,,,,,,,,,
,2015/8/21 11:12,,,,,,,,,
,2015/8/24 11:08,,,,,,,,,
,2015/8/25 11:05,,,,,,,,,
,2015/8/26 11:06,,,,,,,,,
,2015/8/27 11:13,,,,,,,,,
,2015/8/28 11:08,,,,,,,,,
,2015/8/31 11:05,,,,,,,,,
,2015/9/1 11:04,,,,,,,,,
,2015/9/2 16:35,,,,,,,,,
,2015/9/3 11:05,,,,,,,,,
,2015/9/4 11:03,,,,,,,,,
,2015/9/9 11:01,,,,,,,,,
,2015/9/10 19:36,,,,,,,,,
,2015/9/11 11:07,,,,,,,,,
,2015/9/15 11:13,,,,,,,,,
,2015/9/16 11:09,,,,,,,,,
,2015/9/17 11:15,,,,,,,,,
,2015/9/18 11:08,,,,,,,,,
,2015/9/21 11:11,,,,,,,,,
,2015/9/22 11:04,,,,,,,,,
,2015/9/23 11:02,,,,,,,,,
,2015/9/23 18:44,,,,,,,,,
,2015/9/24 11:05,,,,,,,,,
,2015/9/25 10:57,,,,,,,,,
,2015/9/28 11:01,,,,,,,,,
,2015/9/28 11:03,,,,,,,,,
,2015/9/30 11:06,,,,,,,,,
,2015/10/1 11:18,,,,,,,,,
,2015/10/2 11:15,,,,,,,,,
,2015/9/16 16:57,,,,,,,,,
,2015/8/4 13:19,,,,,,,,,
,2015/8/5 13:17,,,,,,,,,
,2015/8/6 13:12,,,,,,,,,
,2015/8/6 19:22,,,,,,,,,
,2015/8/7 13:46,,,,,,,,,
,2015/8/10 15:10,,,,,,,,,
,2015/8/10 20:08,,,,,,,,,
,2015/8/11 14:15,,,,,,,,,
,2015/8/12 12:18,,,,,,,,,
,2015/8/12 19:13,,,,,,,,,
,2015/8/13 16:27,,,,,,,,,
,2015/8/14 18:43,,,,,,,,,
,2015/8/18 17:51,,,,,,,,,
,2015/8/19 15:10,,,,,,,,,
,2015/8/20 18:54,,,,,,,,,
,2015/8/24 13:15,,,,,,,,,
,2015/8/25 18:33,,,,,,,,,
,2015/8/26 14:59,,,,,,,,,
,2015/8/31 16:30,,,,,,,,,
,2015/9/1 15:17,,,,,,,,,
,2015/9/2 16:36,,,,,,,,,
,2015/9/3 17:18,,,,,,,,,
,2015/9/9 12:45,,,,,,,,,
,2015/9/10 13:10,,,,,,,,,
,2015/9/11 13:18,,,,,,,,,
,2015/9/14 13:04,,,,,,,,,
,2015/9/14 17:11,,,,,,,,,
,2015/9/15 13:22,,,,,,,,,
,2015/9/17 20:08,,,,,,,,,
,2015/9/21 11:29,,,,,,,,,
,2015/9/22 12:36,,,,,,,,,
,2015/9/23 12:43,,,,,,,,,
,2015/9/23 19:26,,,,,,,,,
,2015/9/24 13:44,,,,,,,,,
,2015/9/24 19:37,,,,,,,,,
,2015/9/18 13:41,,,,,,,,,
,2015/9/21 15:15,,,,,,,,,
,2015/9/22 15:26,,,,,,,,,
,2015/9/23 16:35,,,,,,,,,
,2015/9/24 16:06,,,,,,,,,
,2015/9/25 19:22,,,,,,,,,
,2015/9/25 19:30,,,,,,,,,
,2015/9/28 14:16,,,,,,,,,
,2015/9/29 12:42,,,,,,,,,
,2015/9/30 19:37,,,,,,,,,
,2015/10/2 10:50,,,,,,,,,
,2015/9/14 19:55,,,,,,,,,
,2015/9/15 19:49,,,,,,,,,
,2015/9/16 18:49,,,,,,,,,
,2015/9/17 19:21,,,,,,,,,
,2015/9/18 19:17,,,,,,,,,
,2015/9/30 19:15,,,,,,,,,
,2015/10/2 16:59,,,,,,,,,
,2015/9/10 19:09,,,,,,,,,
,2015/9/11 14:30,,,,,,,,,
,2015/9/14 12:31,,,,,,,,,
,2015/9/15 20:00,,,,,,,,,
,2015/9/16 19:36,,,,,,,,,
,2015/9/17 12:38,,,,,,,,,
,2015/9/17 17:00,,,,,,,,,
,2015/9/18 17:22,,,,,,,,,
,2015/9/22 12:41,,,,,,,,,
,2015/9/23 18:37,,,,,,,,,
,2015/9/25 12:16,,,,,,,,,
,2015/9/28 12:34,,,,,,,,,
,2015/9/29 12:42,,,,,,,,,
,2015/9/30 12:41,,,,,,,,,
,2015/10/1 12:47,,,,,,,,,
,2015/10/1 16:36,,,,,,,,,
,2015/10/1 20:52,,,,,,,,,
,2015/10/2 11:57,,,,,,,,,
,2015/9/15 17:45,,,,,,,,,
,2015/9/17 12:23,,,,,,,,,
,2015/9/22 18:09,,,,,,,,,
,2015/9/24 11:11,,,,,,,,,
,2015/9/30 15:34,,,,,,,,,
,2015/9/16 14:14,,,,,,,,,
,2015/9/30 19:56,,,,,,,,,
,2015/9/17 16:18,,,,,,,,,
,2015/9/21 16:28,,,,,,,,,
,2015/9/22 18:05,,,,,,,,,
,2015/9/24 18:10,,,,,,,,,
,2015/9/25 16:09,,,,,,,,,
,2015/10/1 17:56,,,,,,,,,
,2015/10/1 18:27,,,,,,,,,
,2015/9/21 18:42,,,,,,,,,
,2015/9/22 14:50,,,,,,,,,
,2015/9/23 18:12,,,,,,,,,
,2015/9/24 16:37,,,,,,,,,
,2015/9/28 16:46,,,,,,,,,
,2015/9/30 16:39,,,,,,,,,
,2015/10/2 11:27,,,,,,,,,
,2015/9/22 18:13,,,,,,,,,
,2015/9/23 16:44,,,,,,,,,
,2015/9/23 19:16,,,,,,,,,
,2015/9/24 18:49,,,,,,,,,
,2015/9/29 16:37,,,,,,,,,
,2015/9/30 16:59,,,,,,,,,
,2015/10/1 16:31,,,,,,,,,
,2015/10/2 16:28,,,,,,,,,
,2015/9/30 16:54,,,,,,,,,
,2015/9/24 11:43,,,,,,,,,
,2015/10/1 16:43,,,,,,,,,
